,M10,M11,M12,M12m,M12o,M12t,M13m,M13o,M13t,M3,M3m,M3o,M3t,M4,M4m,M4o,M4perSec,M4t,M5,M5m,M5o,M5t,M6,M6m,M6o,M6t,M7,M8,M9,V10t,country,experimentNumber,orderNumber,training,type,userId,M1,M18,M19,M2,M20,M21,M22,M23,M24,M25,M26,M29,M2country,M30,M30country,country,experimentNumber,orderNumber,training,type,userId,M14,M15,M15m,M15o,M15t,M16,M16m,M16o,M16t,M17,country,experimentNumber,orderNumber,training,type,userId
0,0,47.832,35.136,0.0,7.356,27.78,0.0,0.20935792349726773,0.7906420765027322,0.27666141732283467,0.0,0.45975,0.25027027027027027,127,0,16,2.6551262752968725,111,195.86629983935975,0.0,181.11874834322765,177.04483955323056,0.10076190476190476,0.0,0.051,0.1036470588235294,0,0.0,,4,0,125,24,False,e,15FM24,0.5,1,1,0.25,1,1,1,1,19,11,9,4,,0.25,,0,125,24,False,e,15FM24,1699,1,0,1,0,49597,171,48924,502,2239.671619791983,0,125,24,False,e,15FM24
1,12,280.572,217.356,15.936,22.044,179.376,0.07331750676309833,0.10141887042455695,0.8252636228123448,0.20256849953401676,0.22765714285714286,0.1985945945945946,0.20109417040358746,1073,70,111,3.82433029667964,892,157.54247822031564,102.1114117448629,88.31090913327165,151.51070432339827,0.05897014925373134,0.04992,0.054000000000000006,0.05742243436754176,21,1.05,541.6131868178621,13,3,126,24,False,e,15FM24,1.0,2,1,0.25,1,3,1,1,19,11,9,4,0.25,0.25,0.25,3,126,24,False,e,15FM24,16073,1,0,1,0,282589,0,53137,229452,5999.6963577710585,3,126,24,False,e,15FM24
2,5,120.252,91.824,1.908,14.7,75.216,0.02077888133821223,0.16008886565603764,0.8191322530057501,0.2160564705882353,0.1908,0.294,0.2060712328767123,425,10,50,3.534244752686026,365,203.60838165820743,43.79291392172905,266.76039748501137,178.98351905725417,0.06704716981132075,0.03,0.07056,0.06435714285714285,8,2.0,627.670006669025,4,0,123,24,False,c,15FM24,0.5,1,1,0.5,1,4,1,1,14,12,9,3,,0.125,,0,123,24,False,c,15FM24,2021,1,0,1,0,125074,0,27119,97955,5165.991805559268,0,123,24,False,c,15FM24
3,13,286.536,220.632,9.408,22.944,188.28,0.04264113999782443,0.10399216795387795,0.8533666920482976,0.19966696832579187,0.21879069767441858,0.22275728155339805,0.19632950990615225,1105,43,103,3.8564089678085827,959,164.08105929009974,95.72297412193767,113.84240557257233,152.27642318954508,0.05969565217391304,0.04591304347826087,0.0522,0.057393013100436686,22,1.1,575.0713242807807,9,4,124,24,False,c,15FM24,0.75,4,1,0.5,4,4,1,1,14,12,9,3,0.5,0.125,0.125,4,124,24,False,c,15FM24,10035,3,0,1,2,289551,50,16641,272860,8162.465533913212,4,124,24,False,c,15FM24
4,7,23.652,18.996,6.66,7.968,4.368,0.3506001263423879,0.41945672773215414,0.22994314592545803,0.23745,0.2561538461538462,0.21535135135135136,0.25694117647058823,80,26,37,3.3823778116015557,17,215.28208375014336,110.76580478808008,132.05034067648896,240.90180919923392,0.05893670886075949,0.0516923076923077,0.05127272727272727,0.05639999999999999,13,3.25,523.865324978201,4,0,129,24,False,s,15FM24,0.5,1,1,0.5,1,1,1,1,4,16,19,1,,0.375,,0,129,24,False,s,15FM24,3914,1,0,0,1,-1474041058073,136,-1474041064902,6693,5225.228176373065,0,129,24,False,s,15FM24
5,19,327.636,245.184,19.116,39.06,187.008,0.07796593578700078,0.1593089271730619,0.7627251370399374,0.2113655172413793,0.2655,0.2158011049723757,0.20618302094818083,1160,72,181,3.5405144733789937,907,166.0173690292592,116.5022414803411,138.2384930345729,154.94323344217605,0.07114063848144953,0.066375,0.10737391304347826,0.06036491228070175,44,2.2,367.9325048957662,12,1,130,24,False,s,15FM24,0.875,6,1,0.5,2,3,3,1,4,16,19,1,0.5,0.375,0.375,1,130,24,False,s,15FM24,236674,0,0,0,0,-1474040880184,-1474041169363,212948,76231,11077.388050386511,1,130,24,False,s,15FM24
6,0,17.436,14.208,0.0,1.452,12.756,0.0,0.10219594594594594,0.8978040540540541,0.22552380952380952,0.0,0.20742857142857143,0.22778571428571429,63,0,7,3.613214039917412,56,173.78113840501422,0.0,75.08817746544966,179.53586592905995,0.05206451612903226,0.0,0.042,0.051840000000000004,0,0.0,,4,0,127,24,False,n,15FM24,0.5,1,1,0.75,1,1,1,1,10,5,9,2,,0.5,,0,127,24,False,n,15FM24,2093,0,0,0,0,18039,0,700,17339,1955.4464549393645,0,127,24,False,n,15FM24
7,0,263.472,205.752,0.0,13.236,192.516,0.0,0.06432987285664295,0.935670127143357,0.20846200607902737,0.0,0.2100952380952381,0.20835064935064934,987,0,63,3.74612862087812,924,154.45943257708768,0.0,102.15719127476993,153.22854482723122,0.05853955375253549,0.0,0.04180645161290323,0.05853198653198653,0,0.0,,10,2,128,24,False,n,15FM24,0.875,5,1,0.75,1,2,2,1,10,5,9,2,0.75,0.5,0.5,2,128,24,False,n,15FM24,10721,2,0,0,2,-1474040351958,0,-1474040576914,224956,7792.194568502035,2,128,24,False,n,15FM24
8,2,14.364,11.496,0.804,1.584,9.108,0.06993736951983298,0.13778705636743216,0.7922755741127349,0.27371428571428574,0.268,0.3168,0.26788235294117646,42,3,5,2.9239766081871346,34,251.64342588602005,0.0,42.60371029117977,174.25733171320095,0.06995121951219511,0.0,0.036,0.06666666666666667,3,0.75,516.1875909612535,4,0,161,20,False,e,21MDC20,0.5,1,1,0.5,1,1,1,1,13,1,7,4,,0.5,,0,161,20,False,e,21MDC20,1118,1,0,0,1,12395,1675,3446,7274,4454.20125838522,0,161,20,False,e,21MDC20
9,15,500.352,405.204,9.696,43.524,351.984,0.02392868777208517,0.10741256256108034,0.8686587496668344,0.24047715133531158,0.23085714285714284,0.24180000000000001,0.2405905673274094,1685,42,180,3.3676291890509082,1463,129.87070240111382,84.90591407458807,116.55592612904337,116.90617957167416,0.056501187648456054,0.046285714285714284,0.049884297520661154,0.05555429382540809,24,1.2,531.9667265046439,10,2,162,20,False,e,21MDC20,0.625,3,3,0.5,1,3,3,1,13,1,7,4,0.5,0.5,0.5,2,162,20,False,e,21MDC20,51271,1,0,1,0,500619,64,201270,299285,14660.14817524433,2,162,20,False,e,21MDC20
10,5,54.432,43.668,3.12,5.988,34.56,0.07144820005496015,0.13712558395163507,0.7914262159934049,0.2347741935483871,0.24000000000000002,0.24950000000000003,0.23194630872483224,186,13,24,3.4171075837742504,149,183.3384348435099,56.22378433585976,54.07839470588474,145.8499233279591,0.05818378378378378,0.039,0.0852,0.050364963503649635,9,2.25,447.9300253130347,4,0,159,20,False,c,21MDC20,0.5,1,1,0.25,1,1,1,1,4,2,17,1,,0.375,,0,159,20,False,c,21MDC20,2533,0,0,0,0,54660,0,4473,50187,6329.638927894828,0,159,20,False,c,21MDC20
11,8,433.74,328.992,7.752,13.104,308.136,0.02356288298803618,0.039830755763058064,0.9366063612489057,0.22533698630136986,0.2349090909090909,0.1955820895522388,0.22657058823529413,1460,33,67,3.3660718402729746,1360,129.19719834613238,78.91685115310591,76.7336932954763,117.08286945050341,0.0717943797121316,0.0378,0.039,0.06646504559270516,13,0.65,453.62201338048243,12,3,160,20,False,c,21MDC20,0.75,3,3,0.25,1,4,3,1,4,2,17,1,0.25,0.375,0.375,3,160,20,False,c,21MDC20,284439,0,0,0,0,430214,0,30684,399530,7779.003238252201,3,160,20,False,c,21MDC20
12,2,98.7,78.78,1.08,7.98,69.72,0.01370906321401371,0.1012947448591013,0.884996191926885,0.23238938053097347,0.21600000000000003,0.2574193548387097,0.2300990099009901,339,5,31,3.4346504559270516,303,185.58842819570012,107.11684778699043,638.1887189354292,140.06918409351198,0.058934911242603555,0.048,0.07885714285714286,0.0553006993006993,3,0.75,1086.6458834474001,4,0,155,20,False,s,21MDC20,0.5,2,2,0.375,2,3,3,1,4,4,14,3,,0.25,,0,155,20,False,s,21MDC20,75935,1,0,0,1,-1474293280295,0,100182,-1474293380477,12364.18229226342,0,155,20,False,s,21MDC20
13,11,379.812,307.656,2.736,13.212,291.708,0.00889304937982682,0.04294406739995319,0.94816288322022,0.2235872093023256,0.1824,0.20018181818181818,0.22525714285714288,1376,15,66,3.6228449864669887,1295,138.80239368942728,234.3814250292897,243.2687965034455,123.03704464183815,0.05247709090909091,0.06857142857142857,0.057729729729729735,0.0513596214511041,12,0.6,523.6843176674015,8,4,156,20,False,s,21MDC20,0.375,2,2,0.375,1,3,2,1,4,4,14,3,0.375,0.25,0.25,4,156,20,False,s,21MDC20,300345,2,1,1,0,-1474293277375,-1474293656814,361231,18208,17734.793082467637,4,156,20,False,s,21MDC20
14,0,77.88,61.884,0.0,4.128,57.756,0.0,0.06670544890440179,0.9332945510955982,0.2266813186813187,0.0,0.258,0.22473151750972764,273,0,16,3.5053929121725735,257,168.66216314256923,0.0,319.33216232093156,142.39940772384261,0.05880882352941177,0.0,0.054,0.05752226720647773,0,0.0,,4,0,157,20,False,n,21MDC20,0.25,2,2,0.625,2,3,3,1,1,7,12,2,,0.125,,0,157,20,False,n,21MDC20,48159,1,0,0,1,-1474294169546,0,72048,-1474294241594,11562.813950464011,0,157,20,False,n,21MDC20
15,0,418.86,334.464,0.0,3.888,330.576,0.0,0.011624569460390356,0.9883754305396097,0.2289281314168378,0.0,0.20463157894736841,0.22924826629681,1461,0,19,3.488038962899298,1442,125.28115034389948,0.0,302.8623878976668,119.61099608619818,0.057805479452054796,0.0,0.052,0.05758315789473684,0,0.0,,11,1,158,20,False,n,21MDC20,0.625,4,2,0.625,2,4,4,2,1,7,12,2,0.625,0.125,0.125,1,158,20,False,n,21MDC20,29360,1,0,0,1,-1474293989419,0,244359,-1474294233778,16672.645918061782,1,158,20,False,n,21MDC20
16,2,59.25,44.11,0.41,1.55,42.15,0.00929494445703922,0.03513942416685559,0.9555656313761052,0.19095238095238096,0.205,0.19375,0.19072398190045248,231,2,8,3.8987341772151898,221,151.70242459412677,0.0,75.35981541167025,143.08219250447527,0.06582608695652174,0.0,0.043333333333333335,0.06502325581395349,2,0.5,262.3358814506521,5,0,40,21,False,e,3MW2421,0.5,2,1,0.125,1,11,2,1,13,5,18,1,,0.5,,0,40,21,False,e,3MW2421,1878,1,0,0,1,60760,0,687,60073,2168.8409974051606,0,40,21,False,e,3MW2421
17,13,261.74,200.78,12.2,17.74,170.84,0.06076302420559816,0.0883554138858452,0.8508815619085567,0.2055066530194473,0.2975609756097561,0.1993258426966292,0.20170011806375443,977,41,89,3.732711851455643,847,140.84468795762018,66.07656260062979,84.36240350417452,132.500962519898,0.062459016393442625,0.03772727272727273,0.04224137931034483,0.05774630541871921,19,0.95,396.957872863515,13,3,41,21,False,e,3MW2421,0.625,11,1,0.125,1,11,4,1,13,5,18,1,0.125,0.5,0.5,3,41,21,False,e,3MW2421,6464,1,0,0,1,262437,0,109447,152990,6167.115947220661,3,41,21,False,e,3MW2421
18,3,118.3,69.74,1.02,7.45,61.27,0.014625752796099801,0.10682535130484658,0.8785488958990537,0.15958810068649884,0.07285714285714286,0.14056603773584905,0.1655945945945946,437,14,53,3.6939983093829247,370,159.62859946807308,75.68181293851502,159.3752768950053,138.20312383135607,0.11137614678899083,0.2125,0.1296551724137931,0.08444767441860465,11,2.75,410.2566115446904,5,0,34,21,False,c,3MW2421,0.5,4,7,0.75,6,11,5,1,8,12,14,2,,0.375,,0,34,21,False,c,3MW2421,43946,0,0,0,0,119692,0,8302,111390,7062.827400197482,0,34,21,False,c,3MW2421
19,12,296.36,235.68,7.15,13.23,215.3,0.030337746096401903,0.05613543788187373,0.9135268160217244,0.20949333333333334,0.2234375,0.21338709677419357,0.20882638215324928,1125,32,62,3.79605884734782,1031,150.40868505716307,56.620262572114854,101.60004406898979,140.18009040309252,0.05398576512455516,0.03727272727272727,0.04303030303030303,0.05129518072289157,21,1.05,404.1877794546186,9,4,35,21,False,c,3MW2421,0.75,10,1,0.75,3,11,8,1,8,12,14,2,0.75,0.375,0.375,4,35,21,False,c,3MW2421,10115,1,0,0,1,298543,0,6079,292464,6629.610186538703,4,35,21,False,c,3MW2421
20,6,40.77,31.49,4.07,6.27,21.15,0.12924738012067324,0.19911082883455064,0.6716417910447761,0.20316129032258062,0.20350000000000001,0.18999999999999997,0.20735294117647057,155,20,33,3.8018150600932055,102,147.7623169784289,209.400395880205,131.44320708646023,129.5224643070325,0.060259740259740256,0.056999999999999995,0.05736842105263158,0.06329787234042554,12,3.0,364.798499080959,4,0,38,21,False,s,3MW2421,0.5,2,1,0.5,2,11,3,1,1,20,6,3,,0.25,,0,38,21,False,s,3MW2421,8104,1,1,0,0,44612,3990,39886,736,5029.264225716599,0,38,21,False,s,3MW2421
21,16,352.33,275.67,7.23,30.63,237.81,0.026227010556099686,0.1111111111111111,0.8626618783327892,0.21757695343330705,0.2126470588235294,0.22522058823529412,0.21678213309024613,1267,34,136,3.5960605114523316,1097,132.71745591313282,145.32317490953213,119.15304239005654,123.79533788052507,0.06055292259083728,0.05307692307692307,0.06918604651162791,0.05631528964862298,25,1.25,380.5678722210255,11,1,39,21,False,s,3MW2421,0.375,11,1,0.5,2,11,3,1,1,20,6,3,0.5,0.25,0.25,1,39,21,False,s,3MW2421,25959,1,0,1,0,352588,512,350757,1319,11588.619553782857,1,39,21,False,s,3MW2421
22,0,37.37,29.37,0.0,1.4,27.97,0.0,0.047667688117126315,0.9523323118828736,0.20255172413793104,0.0,0.27999999999999997,0.1997857142857143,145,0,5,3.8801177415038803,140,155.67261432310886,0.0,68.12530528318051,151.71224216097954,0.05555555555555555,0.0,0.04,0.05555555555555555,0,0.0,,4,0,36,21,False,n,3MW2421,0.5,2,2,0.625,2,11,3,1,1,20,3,4,,0.125,,0,36,21,False,n,3MW2421,2784,1,0,0,1,38787,0,37271,1516,1980.0368317840337,0,36,21,False,n,3MW2421
23,0,320.74,260.42,0.0,4.36,256.06,0.0,0.01674218570002304,0.9832578142999769,0.2206949152542373,0.0,0.21800000000000003,0.22074137931034482,1180,0,20,3.6789923302363285,1160,128.75814796876958,0.0,145.3882805990062,127.60427823023726,0.05116200169635284,0.0,0.05,0.050804195804195804,0,0.0,,11,2,37,21,False,n,3MW2421,0.875,11,1,0.625,2,11,5,1,1,20,3,4,0.625,0.125,0.125,2,37,21,False,n,3MW2421,10692,1,0,0,1,321055,0,291727,29328,5612.218170990695,2,37,21,False,n,3MW2421
24,5,101.688,84.348,3.732,13.572,67.044,0.04424526959738228,0.16090482287665386,0.7948499075259639,0.2980494699646643,0.37320000000000003,0.3084545454545454,0.2927685589519651,283,10,44,2.7830225788686964,229,177.94657746576183,131.4387224510187,184.41143495741787,149.26279119051526,0.06148936170212766,0.12,0.07296,0.054288461538461535,7,1.75,548.6004443849425,4,0,198,22,False,e,22F,0.5,8,1,0.375,10,16,12,1,8,13,11,2,,0.125,,0,198,22,False,e,22F,23014,0,0,0,0,102984,0,62302,40682,2405.39129549113,0,198,22,False,e,22F
25,16,887.88,707.34,54.708,76.764,575.868,0.07734328611417422,0.10852489608957502,0.8141318177962508,0.2382418322667565,0.3335853658536585,0.3046190476190476,0.22556521739130436,2969,164,252,3.343920349596792,2553,119.46281108601578,85.2229727273053,80.11044717460328,109.92659224704583,0.0608288409703504,0.054976744186046506,0.04614705882352941,0.0503466447097571,35,1.75,466.9482890637765,13,3,199,22,False,e,22F,0.5,15,2,0.375,8,15,17,8,8,13,11,2,0.375,0.125,0.125,3,199,22,False,e,22F,410744,1,0,0,1,890636,0,265724,624912,21802.65735306502,3,199,22,False,e,22F
26,4,213.66,169.62,3.552,14.076,151.992,0.02094092677750265,0.08298549699327909,0.8960735762292181,0.20889162561576355,0.2368,0.276,0.2037426273458445,812,15,51,3.800430590658055,746,128.32714972269252,81.2346358041957,160.4160089846503,116.95223674593251,0.054303329223181256,0.038400000000000004,0.11314285714285714,0.050546463245492376,10,2.5,435.4763215778792,4,0,194,22,False,c,22F,0.25,9,4,0.25,13,15,16,1,14,1,1,4,,0.5,,0,194,22,False,c,22F,60862,3,0,0,3,214884,0,3174,211710,5414.759827682691,0,194,22,False,c,22F
27,21,817.32,658.692,48.912,50.688,559.092,0.0742562533019985,0.0769525058752801,0.8487912408227214,0.219930550918197,0.3155612903225806,0.2425263157894737,0.21250171037628277,2995,155,209,3.66441540645035,2631,122.32516159502359,71.47059131712874,76.43736235298509,109.29148459320416,0.05298196392785571,0.07493877551020409,0.046226086956521736,0.049100313479623826,68,3.4,541.8537427950779,9,4,195,22,False,c,22F,0.75,16,1,0.25,9,13,15,8,14,1,1,4,0.25,0.5,0.5,4,195,22,False,c,22F,21650,4,0,1,3,818860,0,44218,774642,22500.434126937467,4,195,22,False,c,22F
28,5,20.748,17.136,1.992,5.436,9.708,0.11624649859943978,0.3172268907563025,0.5665266106442577,0.238,0.22133333333333333,0.20133333333333334,0.26966666666666667,72,9,27,3.470213996529786,36,184.38288158860763,121.43757696170837,215.88507969253135,114.97142033049516,0.05087323943661972,0.04,0.0552,0.04476923076923077,6,1.5,417.73845796884535,4,0,200,22,False,s,22F,0.5,5,1,0.5,7,17,3,1,1,20,15,3,,0.25,,0,200,22,False,s,22F,2742,0,0,0,0,20176,2977,10509,6690,5229.1853138695105,0,200,22,False,s,22F
29,19,609.348,493.332,37.656,50.892,404.784,0.07632993602685413,0.1031597382695629,0.820510325703583,0.2230253164556962,0.2831278195488722,0.24119431279620854,0.21669379014989293,2212,133,211,3.630109559726134,1868,124.87369370595549,112.5870285383187,148.63387541841882,107.78225764651589,0.052472184531886026,0.04681318681318681,0.07665671641791046,0.04751252086811352,52,2.6,407.6139898893837,12,1,201,22,False,s,22F,0.5,16,2,0.5,9,14,16,3,1,20,15,3,0.5,0.25,0.25,1,201,22,False,s,22F,36019,1,0,0,1,611323,2991,500101,108231,33879.46431702543,1,201,22,False,s,22F
30,0,146.184,120.84,0.0,3.216,117.624,0.0,0.026613704071499503,0.9733862959285005,0.23193857965451056,0.0,0.2144,0.2324584980237154,521,0,15,3.564001532315438,506,121.93267939908903,0.0,68.08731600242962,119.0849046401733,0.04873846153846154,0.0,0.040799999999999996,0.047854545454545455,0,0.0,,4,0,196,22,False,n,22F,0.5,12,1,0.625,14,14,9,1,1,20,20,1,,0.375,,0,196,22,False,n,22F,2605,1,0,0,1,-1481816160286,0,29175,-1481816189461,2900.678483786747,0,196,22,False,n,22F
31,0,778.728,624.828,0.0,19.74,605.088,0.0,0.031592694309473965,0.968407305690526,0.22475827338129495,0.0,0.24370370370370367,0.2241896998888477,2780,0,81,3.5699242867856302,2699,117.79021494331506,0.0,107.56999458748989,115.6788293210279,0.05537963296149694,0.0,0.057857142857142864,0.05475992438563327,0,0.0,,11,2,197,22,False,n,22F,0.875,15,4,0.625,8,14,17,8,1,20,20,1,0.625,0.375,0.375,2,197,22,False,n,22F,188366,1,0,1,0,779540,0,380556,398984,17609.53545422948,2,197,22,False,n,22F
32,4,52.344,41.904,2.352,9.108,30.444,0.0561282932416953,0.21735395189003437,0.7265177548682703,0.3299527559055118,0.19599999999999998,0.3252857142857143,0.3499310344827586,127,12,28,2.426257068622956,87,203.49194947277138,112.84952021873441,169.07510341051207,137.48358615743095,0.08285714285714285,0.040799999999999996,0.057999999999999996,0.05473972602739726,9,2.25,442.89817822423964,5,0,115,23,False,e,14JG23,0.0,11,11,0.125,11,11,11,11,18,14,6,3,,0.5,,0,115,23,False,e,14JG23,2136,1,0,0,1,52932,0,30264,22668,2426.0448116949588,0,115,23,False,e,14JG23
33,14,362.364,271.26,17.76,24.36,229.14,0.06547224065472242,0.08980314089803142,0.8447246184472461,0.19515107913669064,0.22769230769230772,0.23199999999999998,0.18984258492129244,1390,78,105,3.835921890695544,1207,143.76259021520312,75.91258576599972,109.23768550795022,131.34996307638409,0.06558963282937365,0.0670188679245283,0.050434782608695654,0.059250641573994865,25,1.25,454.6262914389101,12,3,116,23,False,e,14JG23,0.375,13,2,0.125,8,4,4,4,18,14,6,3,0.125,0.5,0.5,3,116,23,False,e,14JG23,172264,5,0,2,3,364178,0,326709,37469,7548.629959950372,3,116,23,False,e,14JG23
34,8,69.3,54.672,6.312,10.98,37.38,0.11545215100965761,0.2008340649692713,0.6837137840210712,0.20026373626373625,0.2427692307692308,0.21529411764705883,0.19071428571428573,273,26,51,3.9393939393939394,196,182.12556226748546,86.87824772989991,131.82304071766504,144.83612526310108,0.05377941176470588,0.03818181818181818,0.043448275862068966,0.050237288135593215,18,4.5,544.4890963115926,4,0,121,23,False,c,14JG23,0.5,3,1,0.375,14,4,5,13,14,12,12,2,,0.375,,0,121,23,False,c,14JG23,2452,1,0,0,1,69681,8813,37550,23318,6122.872014183267,0,121,23,False,c,14JG23
35,6,85.128,65.676,10.38,5.376,49.92,0.1580486022291248,0.08185638589439065,0.7600950118764845,0.19841691842900303,0.24714285714285716,0.168,0.1942412451361868,331,42,32,3.8882623813551356,257,156.5071780809336,86.79071984653604,159.04324723509254,139.61853186567842,0.05894545454545455,0.04055172413793103,0.0472,0.0501,16,0.8,463.20230858066907,3,4,122,23,False,c,14JG23,0.625,10,1,0.375,12,6,12,11,14,12,12,2,0.375,0.375,0.375,4,122,23,False,c,14JG23,29695,12,0,9,3,365799,616,268636,96547,13281.925618808986,4,122,23,False,c,14JG23
36,7,134.856,106.368,13.404,14.46,78.504,0.12601534296028882,0.13594314079422384,0.7380415162454874,0.19304537205081668,0.2628235294117647,0.20083333333333334,0.18342056074766355,551,51,72,4.085839710506021,428,143.11545965428556,122.78553539628662,98.32347009593597,139.04820960914407,0.05179636363636363,0.05630769230769231,0.056487804878048775,0.049945945945945945,30,7.5,315.4504165580371,4,0,117,23,False,s,14JG23,0.5,2,1,0.875,5,6,3,4,1,14,19,1,,0.125,,0,117,23,False,s,14JG23,7813,5,0,5,0,-1474034609423,0,-1474034609696,273,4516.704386869441,0,117,23,False,s,14JG23
37,20,369.168,288.096,41.652,35.34,211.104,0.14457680773075643,0.12266744418527159,0.732755748083972,0.20132494758909852,0.29751428571428573,0.19966101694915256,0.18950089766606823,1431,140,177,3.8762839682746066,1114,142.44975871343314,92.91185451121235,137.12409528695304,134.98081753937535,0.0566937062937063,0.05906796116504854,0.0799,0.051332712022367194,47,2.35,337.9365833837462,11,1,118,23,False,s,14JG23,0.5,11,1,0.875,2,11,11,7,1,14,19,1,0.875,0.125,0.125,1,118,23,False,s,14JG23,19465,10,0,9,1,-1474034645112,1066,367180,-1474035013358,12678.133709451975,1,118,23,False,s,14JG23
38,0,94.476,75.852,0.0,1.224,74.628,0.0,0.016136687233032746,0.9838633127669673,0.21306741573033708,0.0,0.204,0.21322285714285713,356,0,6,3.768152758372497,350,139.12489743667211,0.0,244.81009150518648,135.2389089593986,0.052461971830985915,0.0,0.06,0.05113953488372092,0,0.0,,4,0,119,23,False,n,14JG23,0.25,1,1,0.75,3,11,11,5,7,11,4,3,,0.25,,0,119,23,False,n,14JG23,2680,1,0,0,1,-1474035728617,0,91767,-1474035820384,3044.456766895201,0,119,23,False,n,14JG23
39,0,334.74,268.104,0.0,18.156,249.948,0.0,0.06771998925789992,0.9322800107421002,0.20419192688499618,0.0,0.22141463414634144,0.2030446791226645,1313,0,82,3.9224472725100075,1231,122.06295863665449,0.0,81.9922723247653,123.05355835707373,0.05078963414634146,0.0,0.043000000000000003,0.05032775919732441,0,0.0,,11,2,120,23,False,n,14JG23,0.5,10,1,0.75,1,15,9,6,7,11,4,3,0.75,0.25,0.25,2,120,23,False,n,14JG23,8463,4,0,3,1,-1474035669455,0,-1474035670742,1287,6027.265785132015,2,120,23,False,n,14JG23
40,6,223.704,163.02,5.292,34.464,123.264,0.032462274567537724,0.21140964298859033,0.7561280824438719,0.22209809264305178,0.24054545454545453,0.22673684210526315,0.2201142857142857,734,22,152,3.281121481958302,560,203.27953190631462,121.70399038215635,230.7898498111235,155.36350665056736,0.08278854024556616,0.044571428571428574,0.1236734693877551,0.06068101761252446,16,4.0,473.0861516001798,4,0,0,1,False,e,1MQ2201,0.25,3,3,0.25,7,21,1,4,15,15,12,3,,0.375,,0,0,1,False,e,1MQ2201,9871,0,0,0,0,221066,79259,103427,38380,4184.0567632725015,0,0,1,False,e,1MQ2201
41,3,335.916,266.88,2.664,11.544,252.672,0.009982014388489209,0.04325539568345324,0.9467625899280575,0.21821749795584627,0.29600000000000004,0.1776,0.2199060052219321,1223,9,65,3.6407911501684946,1149,154.57863163413558,68.38431516817509,91.39175193433982,143.1004691167211,0.05649427168576105,0.042,0.052,0.05626353790613719,5,0.25,422.5170695448698,12,1,1,1,False,e,1MQ2201,0.625,5,5,0.25,5,20,2,5,15,15,12,3,0.25,0.375,0.375,1,1,1,False,e,1MQ2201,146046,0,0,0,0,335741,0,306694,29047,4937.55187592676,1,1,1,False,e,1MQ2201
42,2,118.968,89.952,0.636,7.092,82.224,0.007070437566702241,0.07884204909284952,0.9140875133404484,0.21215094339622642,0.212,0.20858823529411763,0.21246511627906978,424,3,34,3.563983592226481,387,181.02284977161676,0.0,185.56540871629178,154.7321846251917,0.06859574468085106,0.0,0.0996,0.05438918918918918,3,0.75,525.6468015056689,4,0,2,1,False,c,1MQ2201,0.5,1,1,0.375,3,21,1,6,12,20,14,2,,0.5,,0,2,1,False,c,1MQ2201,2216,0,0,0,0,119845,0,1858,117987,5378.760767582979,0,2,1,False,c,1MQ2201
43,10,424.032,339.144,6.096,29.16,303.888,0.017974665628759465,0.08598117613756988,0.8960441582336706,0.23118200408997955,0.46892307692307694,0.33136363636363636,0.22246559297218155,1467,13,88,3.459644555127915,1366,148.47982443861525,76.06586516898491,90.5380033826123,138.70256210339915,0.057904502046384726,0.036,0.04825531914893617,0.053750566893424036,11,0.55,500.0104828252999,10,2,3,1,False,c,1MQ2201,0.875,4,4,0.375,4,21,5,5,12,20,14,2,0.375,0.5,0.5,2,3,1,False,c,1MQ2201,6441,0,0,0,0,424131,0,11261,412870,15001.665560187757,2,3,1,False,c,1MQ2201
44,17,425.568,336.0,45.06,42.216,248.724,0.13410714285714287,0.12564285714285714,0.74025,0.2167741935483871,0.29259740259740263,0.22575401069518716,0.20572704714640197,1550,154,187,3.6421911421911424,1209,147.15732709007088,109.08060620905637,121.49232227929673,143.2115940423153,0.05782311168495804,0.046974358974358976,0.07008,0.05497938144329897,50,2.5,326.12132012716177,13,3,4,1,False,s,1MQ2201,0.5,2,2,0.125,4,21,3,5,1,20,20,1,0.125,0.25,0.25,3,4,1,False,s,1MQ2201,19874,0,0,0,0,425944,32,420445,5467,13663.183253681938,3,4,1,False,s,1MQ2201
45,0,22.116,17.268,0.0,0.648,16.62,0.0,0.037526059763724806,0.9624739402362752,0.20079069767441862,0.0,0.216,0.2002409638554217,86,0,3,3.888587448001447,83,177.59852175884532,0.0,40.66450653625022,168.03836415830375,0.05703529411764706,0.0,0.036,0.055200000000000006,0,0.0,,4,0,5,1,False,n,1MQ2201,0.5,1,1,0.25,21,1,1,1,1,20,3,4,,0.125,,0,5,1,False,n,1MQ2201,3486,0,0,0,0,16193,0,7720,8473,1910.2889193707076,0,5,1,False,n,1MQ2201
46,0,417.888,319.032,0.0,10.044,308.988,0.0,0.03148273527420447,0.9685172647257956,0.22002206896551724,0.0,0.2282727272727273,0.21976386913229018,1450,0,44,3.4698292365418486,1406,137.94897218627833,0.0,74.79770234353715,139.51806881584537,0.06822360248447204,0.0,0.048705882352941175,0.06909143686502177,0,0.0,,9,4,6,1,False,n,1MQ2201,0.5,5,7,0.25,4,17,5,7,1,20,3,4,0.25,0.125,0.125,4,6,1,False,n,1MQ2201,172932,0,0,0,0,410550,0,264775,145775,5354.497537693596,4,6,1,False,n,1MQ2201
47,4,69.864,55.344,0.948,6.984,47.412,0.01712922810060711,0.1261925411968777,0.8566782307025151,0.21703529411764708,0.158,0.194,0.22259154929577465,255,6,36,3.6499484713156987,213,192.06456523421951,84.82734957360849,174.54759186294643,152.68399554701884,0.057165354330708656,0.06,0.05152941176470588,0.049687499999999996,5,1.25,366.98926921837744,5,0,7,3,False,e,2ML3603,0.75,12,11,0.25,13,6,9,11,17,1,4,4,,0.5,,0,7,3,False,e,2ML3603,11441,0,0,0,0,69705,104,3742,65859,8312.553376510123,0,7,3,False,e,2ML3603
48,4,204.876,157.752,1.692,10.5,145.56,0.010725696029210405,0.06656017039403621,0.9227141335767534,0.18450526315789476,0.2115,0.175,0.18495552731893267,855,8,60,4.1732560182744685,787,145.56181839966757,130.24743694835533,104.75314442160209,142.21223625475238,0.05518032786885246,0.047999999999999994,0.046875,0.055085865257595776,6,0.3,473.75839620143097,11,1,8,3,False,e,2ML3603,0.375,13,1,0.25,13,1,6,5,17,1,4,4,0.25,0.5,0.5,1,8,3,False,e,2ML3603,132702,0,0,0,0,204144,0,74073,130071,5354.859892746493,1,8,3,False,e,2ML3603
49,1,43.644,35.148,0.372,2.1,32.676,0.010583817002389893,0.0597473540457494,0.9296688289518606,0.20434883720930233,0.186,0.17500000000000002,0.2068101265822785,172,2,12,3.9409769956924205,158,160.6039089393062,0.0,101.18712971207349,159.73873823167088,0.04968421052631579,0.0,0.040799999999999996,0.04872,2,0.5,384.4244115910832,4,0,11,3,False,c,2ML3603,0.75,1,1,0.375,1,1,2,3,14,4,4,2,,0.125,,0,11,3,False,c,2ML3603,2255,1,0,0,1,44239,0,2105,42134,4190.32996962348,0,11,3,False,c,2ML3603
50,9,196.8,152.448,2.448,14.604,135.396,0.01605793450881612,0.09579659949622166,0.8881454659949621,0.1962007722007722,0.17485714285714285,0.2086285714285714,0.19537662337662337,777,14,70,3.9481707317073167,693,153.86100633786242,45.94777155195302,73.04887751660559,150.3312739327249,0.057154639175257725,0.032,0.040682926829268294,0.05636913767019667,11,0.55,432.6530487749731,11,2,12,3,False,c,2ML3603,0.625,1,1,0.375,2,2,1,2,14,4,4,2,0.375,0.125,0.125,2,12,3,False,c,2ML3603,10323,2,0,0,2,198818,359,11736,186723,7100.2631373006325,2,12,3,False,c,2ML3603
51,16,251.232,188.784,21.432,25.08,142.272,0.11352657004830917,0.13285024154589373,0.7536231884057971,0.18508235294117648,0.2304516129032258,0.20063999999999999,0.17739650872817955,1020,93,125,4.059992357661445,802,147.3351800346544,91.78297699940292,127.72836367637129,140.95405910455273,0.06128361138370952,0.044,0.05496774193548387,0.052393272962483826,29,1.45,356.4075157619625,12,3,10,3,False,s,2ML3603,0.625,8,2,0.0,5,5,5,2,6,8,12,1,0.0,0.25,0.25,3,10,3,False,s,2ML3603,22522,1,0,0,1,252289,57680,194253,356,12169.869451153389,3,10,3,False,s,2ML3603
52,5,102.444,81.36,1.284,6.444,73.632,0.015781710914454277,0.07920353982300884,0.9050147492625369,0.1918867924528302,0.12840000000000001,0.1841142857142857,0.19427968337730872,424,10,35,4.138846589356136,379,148.09065993199792,87.6611992955877,155.67000841376677,143.52999191632975,0.04984397163120567,0.044000000000000004,0.048,0.04955371900826446,7,1.75,288.1573785146426,5,0,9,3,False,s,2ML3603,1.0,1,1,0.0,1,2,1,1,6,8,12,1,,0.25,,0,9,3,False,s,2ML3603,7474,1,0,1,0,-1461079880605,5730,-1461079887542,1207,5922.610152370077,0,9,3,False,s,2ML3603
53,0,63.696,49.332,0.0,6.912,42.42,0.0,0.1401118949160788,0.8598881050839212,0.19195330739299613,0.0,0.18189473684210525,0.19369863013698632,257,0,38,4.0347902537051,219,151.42248523647308,0.0,73.0954663684667,152.7784077584658,0.056109375,0.0,0.048,0.0574869109947644,0,0.0,,4,0,13,3,False,n,2ML3603,0.5,1,1,0.25,1,1,2,1,1,20,9,3,,0.375,,0,13,3,False,n,2ML3603,2441,2,0,1,1,62677,0,8709,53968,5420.341363354731,0,13,3,False,n,2ML3603
54,0,216.768,172.872,0.0,7.056,165.816,0.0,0.04081632653061224,0.9591836734693877,0.19756800000000002,0.0,0.20752941176470588,0.19716527942925088,875,0,34,4.036573664009448,841,148.5429144960635,0.0,81.6377915471145,147.86166838468324,0.05022425629290618,0.0,0.039,0.050256410256410255,0,0.0,,9,4,14,3,False,n,2ML3603,0.5,5,1,0.25,3,4,6,4,1,20,9,3,0.25,0.375,0.375,4,14,3,False,n,2ML3603,9190,3,0,2,1,219105,0,11579,207526,12353.7235439813,4,14,3,False,n,2ML3603
55,2,223.89,157.86,0.45,13.61,143.8,0.002850627137970353,0.08621563410617002,0.9109337387558596,0.2113253012048193,0.15,0.22683333333333333,0.210233918128655,747,3,60,3.3364598686855156,684,160.4363241033493,107.79116823939346,184.90606474784403,137.11727550814052,0.08851206434316354,0.05,0.3310810810810811,0.07051437216338881,2,0.5,406.55011125634167,4,0,68,2,False,e,8FC02,0.25,8,4,0.75,1,13,12,1,11,13,15,2,,0.25,,0,68,2,False,e,8FC02,2137,1,0,1,0,221237,784,208735,11718,4384.5983772776,0,68,2,False,e,8FC02
56,15,516.35,379.54,12.94,23.17,343.43,0.03409390314591347,0.061047583917373666,0.9048585129367128,0.20526771227690643,0.24884615384615383,0.19308333333333336,0.20478831246273108,1849,52,120,3.580904425292921,1677,136.24023492435776,81.57267664363485,88.83518187910852,125.00085165786271,0.07403138528138528,0.0464,0.05132352941176471,0.07119926199261993,28,1.4,524.07631075769,11,1,69,2,False,e,8FC02,0.75,7,1,0.75,1,5,13,1,11,13,15,2,0.75,0.25,0.25,1,69,2,False,e,8FC02,8283,1,0,0,1,514079,17160,490614,6305,6328.060803638158,1,69,2,False,e,8FC02
57,1,30.42,23.05,0.09,0.36,22.6,0.0039045553145336223,0.01561822125813449,0.9804772234273319,0.19208333333333333,0.09,0.18,0.19316239316239317,120,1,2,3.944773175542406,117,150.24806269382236,0.0,0.0,144.96414174446898,0.0619327731092437,0.0,0.0,0.060350877192982454,1,0.25,484.84695423919226,4,0,70,2,False,c,8FC02,0.5,5,6,0.5,1,5,7,1,13,19,5,4,,0.125,,0,70,2,False,c,8FC02,2743,1,0,1,0,31073,0,28931,2142,2365.056591298466,0,70,2,False,c,8FC02
58,16,504.01,380.46,13.66,33.03,333.77,0.035903905798244234,0.08681595962781896,0.8772801345739368,0.21278523489932885,0.26269230769230767,0.19660714285714287,0.21286352040816325,1788,52,168,3.5475486597488146,1568,148.41499237917262,58.00130430771553,108.47348415431136,131.8996920269812,0.0691382204812535,0.03578947368421053,0.08099009900990099,0.06483011325782811,33,1.65,532.7179023222988,10,2,71,2,False,c,8FC02,0.875,6,4,0.5,1,6,9,8,13,19,5,4,0.5,0.125,0.125,2,71,2,False,c,8FC02,9854,1,0,0,1,505831,0,286206,219625,9330.6641688308,2,71,2,False,c,8FC02
59,4,9.41,6.08,1.74,1.43,2.91,0.28618421052631576,0.23519736842105263,0.4786184210526316,0.22518518518518518,0.24857142857142858,0.15888888888888889,0.2645454545454546,27,7,9,2.869287991498406,11,261.66886442718936,150.88298447787952,139.94660252020893,179.3723768507023,0.1280769230769231,0.04,0.04833333333333333,0.051666666666666666,5,1.25,328.37039027394684,4,0,74,2,False,s,8FC02,0.5,11,11,0.375,11,11,11,11,1,20,14,1,,0.375,,0,74,2,False,s,8FC02,1306,1,0,1,0,11203,1542,6589,3072,3949.3901362441197,0,74,2,False,s,8FC02
60,14,385.06,286.42,30.76,30.89,224.77,0.10739473500453879,0.10784861392360869,0.7847566510718526,0.21044819985304924,0.24412698412698414,0.21157534246575344,0.20640036730945824,1361,126,146,3.5345141016984365,1089,138.20271552239151,92.6082946285757,118.17637424090763,126.71122596253264,0.07252941176470588,0.06419354838709677,0.07980582524271845,0.061340304182509506,39,1.95,367.84680667404814,12,3,75,2,False,s,8FC02,0.625,8,4,0.375,1,7,7,1,1,20,14,1,0.375,0.375,0.375,3,75,2,False,s,8FC02,22070,1,0,1,0,387122,32,317317,69773,10839.601831732494,3,75,2,False,s,8FC02
61,0,4.43,3.83,0.0,0.35,3.48,0.0,0.09138381201044386,0.9086161879895561,0.31916666666666665,0.0,0.35,0.31636363636363635,12,0,1,2.708803611738149,11,222.09181174113954,0.0,0.0,165.48614559517694,0.05454545454545454,0.0,0.0,0.04888888888888889,0,0.0,,3,0,72,2,False,n,8FC02,0.5,11,11,0.625,11,11,11,11,2,18,1,3,,0.5,,0,72,2,False,n,8FC02,263,1,0,0,1,5437,0,730,4707,2367.0368744434736,0,72,2,False,n,8FC02
62,0,375.34,294.52,0.0,7.33,287.19,0.0,0.02488795327991308,0.975112046720087,0.21112544802867383,0.0,0.25275862068965516,0.2102415812591508,1395,0,29,3.7166302552352537,1366,134.6081153243441,0.0,43.14577716536355,133.936446963697,0.05797704447632711,0.0,0.03777777777777778,0.05733085501858736,0,0.0,,8,4,73,2,False,n,8FC02,0.625,7,3,0.625,1,6,9,1,2,18,1,3,0.625,0.5,0.5,4,73,2,False,n,8FC02,11460,1,0,0,1,377237,0,374150,3087,6505.426340450664,4,73,2,False,n,8FC02
63,5,59.31,36.12,3.54,4.14,28.44,0.09800664451827243,0.11461794019933555,0.7873754152823921,0.24405405405405403,0.20823529411764707,0.21789473684210525,0.25392857142857145,148,17,19,2.4953633451357273,112,235.76452527928143,122.02965946412506,117.67900824965086,164.14521276005752,0.15775510204081633,0.14285714285714285,0.07375,0.16673684210526316,13,3.25,488.7209528278311,4,0,52,5,False,e,5MS3205,0.25,9,8,0.125,9,9,8,8,16,19,5,4,,0.5,,0,52,5,False,e,5MS3205,3199,2,0,0,2,60548,455,5076,55017,10608.816368321104,0,52,5,False,e,5MS3205
64,1,279.99,213.26,0.11,7.23,205.92,0.000515802307043046,0.03390227890837476,0.9655819187845822,0.1983813953488372,0.11,0.2259375,0.19761996161228407,1075,1,32,3.839422836529876,1042,112.77314218713387,0.0,97.63697095847414,111.89794263606869,0.06213221601489758,0.0,0.04818181818181819,0.06212953876349362,1,0.05,428.48083443898804,11,1,53,5,False,e,5MS3205,0.25,11,11,0.125,11,11,11,11,16,19,5,4,0.125,0.5,0.5,1,53,5,False,e,5MS3205,7232,1,0,0,1,281676,0,1988,279688,5093.66237929982,1,53,5,False,e,5MS3205
65,3,42.12,28.28,4.17,8.44,15.67,0.14745403111739744,0.2984441301272984,0.554101838755304,0.27192307692307693,0.2978571428571429,0.3246153846153846,0.24484375,104,14,26,2.469135802469136,64,226.12569987592698,59.11385034210607,163.0081708718509,147.10121593815464,0.13436893203883496,0.11,0.08230769230769232,0.10604166666666666,10,2.5,508.2754476499625,4,0,56,5,False,c,5MS3205,0.0,9,8,0.5,9,9,9,11,6,11,10,2,,0.25,,0,56,5,False,c,5MS3205,1292,1,0,1,0,41560,1296,7197,33067,6666.899840013662,0,56,5,False,c,5MS3205
66,3,394.23,305.93,1.07,9.08,295.78,0.0034975321151897495,0.02967999215506815,0.966822475729742,0.2115698478561549,0.17833333333333334,0.1973913043478261,0.21218077474892394,1446,6,46,3.6679095959211625,1394,104.43026964232794,19.5794211719798,56.489077140723076,100.72908897126743,0.06110726643598616,0.025,0.06851851851851852,0.06016,4,0.2,756.647504783856,11,2,57,5,False,c,5MS3205,0.0,9,8,0.5,9,10,9,8,6,11,10,2,0.5,0.25,0.25,2,57,5,False,c,5MS3205,7164,1,0,0,1,396187,0,47678,348509,5150.125757525455,2,57,5,False,c,5MS3205
67,6,33.11,21.56,4.08,12.64,4.84,0.18923933209647498,0.5862708719851578,0.22448979591836735,0.23955555555555555,0.2914285714285714,0.2217543859649123,0.25473684210526315,90,14,57,2.718212020537602,19,217.84261632985664,228.0784784543276,194.18147967658157,183.10882312954865,0.1297752808988764,0.156,0.12613636363636363,0.08272727272727273,13,3.25,409.70775375142034,4,0,58,5,False,s,5MS3205,0.0,10,8,0.25,9,8,9,10,3,2,14,1,,0.125,,0,58,5,False,s,5MS3205,2729,1,0,1,0,-1466694259115,128,-1466694261459,2216,4174.010908214849,0,58,5,False,s,5MS3205
68,16,485.46,369.57,26.26,33.42,309.89,0.07105555104581,0.09042941797223801,0.838515030981952,0.20554505005561735,0.24091743119266057,0.21018867924528303,0.20254248366013072,1798,109,159,3.7037037037037037,1530,118.81475929736622,96.27465542459446,111.01432871510741,104.21509142100912,0.06449081803005008,0.05939024390243903,0.05579439252336448,0.06269412559081701,35,1.75,315.23718843900525,13,3,59,5,False,s,5MS3205,0.625,5,4,0.25,6,11,10,7,3,2,14,1,0.25,0.125,0.125,3,59,5,False,s,5MS3205,48078,1,0,0,1,-1466693909085,-1466694293026,294312,89629,23609.466772809807,3,59,5,False,s,5MS3205
69,0,52.36,37.58,0.0,5.16,32.42,0.0,0.13730707823310273,0.8626929217668974,0.28907692307692306,0.0,0.2866666666666667,0.28946428571428573,130,0,18,2.482811306340718,112,121.84861204628314,0.0,131.08974276976306,98.56731833979111,0.1145736434108527,0.0,0.119,0.11427184466019417,0,0.0,,4,0,54,5,False,n,5MS3205,0.25,11,11,0.375,11,11,11,11,12,11,7,3,,0.375,,0,54,5,False,n,5MS3205,2174,1,0,0,1,-1466692671950,0,1308,-1466692673258,1943.2972663181133,0,54,5,False,n,5MS3205
70,0,370.19,286.86,0.0,9.41,277.45,0.0,0.03280345813288712,0.9671965418671128,0.21046221570066032,0.0,0.21883720930232559,0.21018939393939393,1363,0,43,3.6818930819309004,1320,99.78641885087137,0.0,75.20546884850785,100.42680201460954,0.06118208516886931,0.0,0.042352941176470586,0.06163959783449343,0,0.0,,8,4,55,5,False,n,5MS3205,0.0,7,6,0.375,7,9,9,10,12,11,7,3,0.375,0.375,0.375,4,55,5,False,n,5MS3205,8122,0,0,0,0,371639,0,7700,363939,4234.637892419908,4,55,5,False,n,5MS3205
71,4,113.86,86.59,0.97,7.0,78.62,0.011202217346113869,0.08084074373484236,0.9079570389190438,0.20231308411214954,0.194,0.19444444444444445,0.20315245478036176,428,5,36,3.75900228350606,387,145.33211038116062,32.75909307371539,78.47099216421121,139.76385638726026,0.06386416861826698,0.02,0.08285714285714285,0.062099447513812155,4,1.0,317.46671799466264,4,0,76,4,False,e,9FH04,0.75,7,6,0.375,8,7,9,2,16,3,10,1,,0.375,,0,76,4,False,e,9FH04,737,1,0,0,1,117707,0,3228,114479,3166.0280109448895,0,76,4,False,e,9FH04
72,7,255.4,198.12,4.79,18.48,174.85,0.024177266303250556,0.09327680193821926,0.8825459317585301,0.20257668711656443,0.21772727272727274,0.19870967741935483,0.2026071842410197,978,22,93,3.8292873923257633,863,169.44566046129202,56.47284760769555,101.94538936405405,156.36150531811202,0.058628454452405325,0.05272727272727273,0.04421052631578947,0.0563387297633873,11,0.55,484.54720029625423,12,1,77,4,False,e,9FH04,0.375,10,9,0.375,14,15,8,9,16,3,10,1,0.375,0.375,0.375,1,77,4,False,e,9FH04,11139,1,0,0,1,256361,0,18308,238053,17820.756734820916,1,77,4,False,e,9FH04
73,1,55.15,44.47,0.07,1.49,42.91,0.001574094895435125,0.03350573420283337,0.9649201709017314,0.23041450777202072,0.07,0.21285714285714286,0.23194594594594592,193,1,7,3.499546690843155,185,157.15394479902292,0.0,96.55872539726425,155.98184983164046,0.055625,0.0,0.035,0.055224719101123594,1,0.25,345.34659023738465,4,0,82,4,False,c,9FH04,0.25,7,7,0.25,16,5,3,5,10,15,7,4,,0.25,,0,82,4,False,c,9FH04,1445,1,0,0,1,56807,0,3034,53773,5845.804469099933,0,82,4,False,c,9FH04
74,6,139.29,106.48,1.7,5.18,99.6,0.015965439519158527,0.04864763335837716,0.9353869271224642,0.21642276422764228,0.16999999999999998,0.1992307692307692,0.21842105263157893,492,10,26,3.532199009261254,456,152.67523108601648,42.17774260560092,123.93521325961447,137.71308511620262,0.06682281059063137,0.08666666666666667,0.04625,0.06488479262672811,7,0.35,640.3182869113332,10,2,83,4,False,c,9FH04,0.125,7,9,0.25,17,15,6,9,10,15,7,4,0.25,0.25,0.25,2,83,4,False,c,9FH04,8214,14,0,1,13,139961,0,21670,118291,16210.674171775556,2,83,4,False,c,9FH04
75,7,87.65,67.78,6.18,12.91,48.69,0.09117733844791974,0.19046916494541163,0.7183534966066686,0.19092957746478872,0.2207142857142857,0.18710144927536232,0.18872093023255812,355,28,69,4.050199657729606,258,168.8109340061427,143.79122626565464,133.55797878705732,161.71084477106984,0.05612994350282486,0.047,0.054090909090909085,0.05620833333333333,21,5.25,340.6746563929559,4,0,78,4,False,s,9FH04,0.0,6,9,0.5,13,13,7,9,6,7,8,2,,0.5,,0,78,4,False,s,9FH04,4039,1,0,1,0,89945,22209,18996,48740,6772.936228966556,0,78,4,False,s,9FH04
76,12,250.21,196.72,10.73,20.68,165.31,0.05454453029686865,0.10512403416022774,0.8403314355429037,0.20949946751863685,0.2189795918367347,0.19148148148148147,0.21139386189258313,939,49,108,3.7528476080092723,782,148.79812199773704,136.59146351455078,139.73016713952586,131.60971181346113,0.057025586353944564,0.05028571428571429,0.05591836734693878,0.05574022346368714,19,0.95,404.15573136904914,13,3,79,4,False,s,9FH04,0.625,9,8,0.5,17,15,6,10,6,7,8,2,0.5,0.5,0.5,3,79,4,False,s,9FH04,27342,1,0,1,0,251397,20125,41650,189622,14014.505946263027,3,79,4,False,s,9FH04
77,0,48.33,37.61,0.0,0.0,37.61,0.0,0.0,1.0,0.19287179487179487,0.0,0.0,0.19287179487179487,195,0,0,4.034761018001242,195,141.1535963874291,0.0,0.0,141.1535963874291,0.05525773195876289,0.0,0.0,0.05525773195876289,0,0.0,,4,0,80,4,False,n,9FH04,0.25,9,6,0.25,18,17,3,5,14,10,2,3,,0.125,,0,80,4,False,n,9FH04,2451,2,0,0,2,49552,0,4360,45192,4413.368654674742,0,80,4,False,n,9FH04
78,0,60.53,48.84,0.0,1.99,46.85,0.0,0.04074529074529074,0.9592547092547092,0.223013698630137,0.0,0.16583333333333333,0.22632850241545893,219,0,12,3.6180406410044603,207,170.65608156091128,0.0,584.3450023567224,157.37331531514718,0.053623853211009175,0.0,0.06,0.05285714285714285,0,0.0,,8,4,81,4,False,n,9FH04,0.25,7,7,0.25,19,15,6,7,14,10,2,3,0.25,0.125,0.125,4,81,4,False,n,9FH04,10874,0,0,0,0,72130,0,6625,65505,14375.568153008157,4,81,4,False,n,9FH04
79,3,27.4,22.09,0.76,2.47,18.86,0.03440470801267542,0.11181530104119512,0.8537799909461294,0.26939024390243904,0.152,0.2744444444444445,0.2773529411764706,82,5,9,2.9927007299270074,68,230.3684440295805,83.86193496775097,34.195287719177806,166.30902807525453,0.06555555555555555,0.04,0.03,0.06288135593220338,3,0.75,622.1560185029904,4,0,24,7,False,e,1MW2207,0.5,8,8,0.5,8,9,9,1,9,7,16,2,,0.125,,0,24,7,False,e,1MW2207,1366,2,0,0,2,26819,0,3763,23056,2477.4793907169633,0,24,7,False,e,1MW2207
80,16,392.22,311.02,36.55,26.34,248.13,0.11751655842068034,0.08468908751848755,0.7977943540608321,0.20707057256990677,0.23733766233766232,0.21414634146341463,0.2025551020408163,1502,154,123,3.8294834531640403,1225,142.24447156158607,93.10841099355112,90.34351596249205,126.56194037616471,0.054097268487674884,0.04161904761904762,0.05457142857142857,0.04864334470989761,56,2.8,513.4675939077586,9,4,25,7,False,e,1MW2207,0.25,6,5,0.5,5,9,10,1,9,7,16,2,0.5,0.125,0.125,4,25,7,False,e,1MW2207,4864,1,0,0,1,390950,0,388065,2885,5212.772963477822,4,25,7,False,e,1MW2207
81,7,122.3,96.96,6.39,7.07,83.5,0.06590346534653466,0.07291666666666667,0.8611798679867987,0.2054237288135593,0.3195,0.1910810810810811,0.20120481927710843,472,20,37,3.859362224039248,415,175.03877485887264,91.08633701084936,209.70803568560783,147.91909128375826,0.053800424628450104,0.042222222222222223,0.06352941176470589,0.05213740458015267,13,3.25,688.7185684030652,4,0,20,7,False,c,1MW2207,0.5,6,5,0.5,4,10,7,1,7,14,15,1,,0.25,,0,20,7,False,c,1MW2207,43690,0,0,0,0,124152,0,63345,60807,4851.999226200235,0,20,7,False,c,1MW2207
82,20,417.74,327.08,41.17,37.73,248.18,0.12587134645958176,0.11535404182463005,0.7587746117157882,0.20506583072100312,0.2763087248322148,0.2343478260869565,0.19313618677042801,1595,149,161,3.818164408483746,1285,143.81081127816847,60.29961995607075,82.50976006199406,125.81870413551712,0.05687578419071518,0.04180851063829787,0.0432,0.05442986054142739,62,3.1,558.6599885057756,12,1,21,7,False,c,1MW2207,0.625,9,6,0.5,5,9,10,1,7,14,15,1,0.5,0.25,0.25,1,21,7,False,c,1MW2207,109988,0,0,0,0,407862,0,7886,399976,9719.220664422046,1,21,7,False,c,1MW2207
83,8,140.4,110.91,7.07,15.61,88.23,0.0637453791362366,0.1407447479938689,0.7955098728698946,0.1956084656084656,0.202,0.19271604938271605,0.1956319290465632,567,35,81,4.038461538461538,451,151.39793811759895,114.06640451142506,216.28322598016777,131.53160487749997,0.052102473498233215,0.063125,0.05571428571428571,0.04971360381861575,22,5.5,352.92546771708976,4,0,18,7,False,s,1MW2207,0.5,5,3,0.5,5,13,7,1,1,20,20,3,,0.375,,0,18,7,False,s,1MW2207,104260,0,0,0,0,-1465998580242,-1465998719565,9264,130059,5407.5139829283025,0,18,7,False,s,1MW2207
84,17,351.41,272.51,15.92,35.95,220.64,0.05841987450001835,0.13192176433892336,0.8096583611610583,0.1963328530259366,0.2412121212121212,0.22898089171974523,0.18939055793991416,1388,66,157,3.94980222532085,1165,138.94744365205327,108.85620667701221,115.36627685680348,127.07507207880927,0.056885364095169436,0.04060606060606061,0.048773584905660375,0.05141450313339302,38,1.9,382.21245556199915,10,2,19,7,False,s,1MW2207,0.875,8,9,0.5,6,10,9,1,1,20,20,3,0.5,0.375,0.375,2,19,7,False,s,1MW2207,330737,0,0,0,0,353020,1104,351916,0,10058.2459561931,2,19,7,False,s,1MW2207
85,0,18.32,14.73,0.0,0.95,13.78,0.0,0.06449422946367957,0.9355057705363203,0.21347826086956523,0.0,0.19,0.2153125,69,0,5,3.7663755458515285,64,169.7573583197052,0.0,0.0,158.62439482839702,0.052794117647058825,0.0,0.0,0.05067796610169492,0,0.0,,4,0,22,7,False,n,1MW2207,0.5,8,8,0.125,8,9,8,1,5,17,5,4,,0.5,,0,22,7,False,n,1MW2207,7926,0,0,0,0,18939,0,15155,3784,3300.175784440934,0,22,7,False,n,1MW2207
86,0,306.73,244.47,0.0,16.33,228.14,0.0,0.066797562073056,0.9332024379269439,0.2018744838976053,0.0,0.26770491803278684,0.19838260869565216,1211,0,61,3.9480976754800636,1150,123.94541972568359,0.0,67.69561124974092,124.01157388025199,0.051454545454545454,0.0,0.04548387096774193,0.05140178571428571,0,0.0,,12,3,23,7,False,n,1MW2207,0.75,13,9,0.125,10,10,12,1,5,17,5,4,0.125,0.5,0.5,3,23,7,False,n,1MW2207,6015,3,0,2,1,307415,0,304835,2580,8180.850505921197,3,23,7,False,n,1MW2207
87,2,82.188,60.96,0.456,8.352,52.152,0.007480314960629921,0.13700787401574804,0.8555118110236221,0.18035502958579883,0.152,0.23862857142857144,0.17384,338,3,35,4.112522509368764,300,148.41342290275145,0.0,93.73511416244794,145.23024989895566,0.06299109792284867,0.0,0.048,0.06008450704225352,3,0.75,470.99904435030004,4,0,92,6,False,e,12FRH06,0.25,8,13,0.375,13,7,5,10,18,7,12,4,,0.375,,0,92,6,False,e,12FRH06,37311,2,0,2,0,83183,0,29994,53189,4153.361906258621,0,92,6,False,e,12FRH06
88,4,242.508,176.112,2.712,10.968,162.432,0.01539929136004361,0.06227855001362769,0.9223221586263287,0.18193388429752066,0.19371428571428573,0.19941818181818183,0.18068075639599554,968,14,55,3.991620894980784,899,126.99883263416893,83.971433251779,113.53488329909666,122.65339397591586,0.06866184074457084,0.039,0.0487741935483871,0.0668904109589041,7,0.35,441.3375585662337,11,1,93,6,False,e,12FRH06,0.5,13,13,0.375,10,8,10,11,18,7,12,4,0.375,0.375,0.375,1,93,6,False,e,12FRH06,203533,0,0,0,0,242981,34392,207893,696,4767.998783612794,1,93,6,False,e,12FRH06
89,8,74.52,55.26,9.996,10.896,34.368,0.18089033659066234,0.1971769815418024,0.6219326818675354,0.20696629213483145,0.29400000000000004,0.23182978723404257,0.18477419354838712,267,34,47,3.5829307568438007,186,168.7970494588783,83.16988863586351,151.4985229553765,127.18198630072426,0.07240601503759399,0.05446153846153846,0.05475,0.06810191082802548,22,5.5,458.45752254764653,4,0,98,6,False,c,12FRH06,0.5,5,4,0.125,5,15,7,6,12,5,13,2,,0.5,,0,98,6,False,c,12FRH06,1782,5,0,1,4,75253,1519,4533,69201,14340.7809236925,0,98,6,False,c,12FRH06
90,18,401.148,268.176,19.188,33.9,215.088,0.07155002684804009,0.12640952210488635,0.8020404510470736,0.1675053091817614,0.2524736842105263,0.1982456140350877,0.15885376661742984,1601,76,171,3.9910456988443164,1354,141.1799855273047,57.49748280140753,87.07376644608122,132.83856523947745,0.0831075,0.06510638297872341,0.09774757281553398,0.07455752895752896,33,1.65,481.41388806065964,11,2,99,6,False,c,12FRH06,0.75,12,16,0.125,13,13,14,12,12,5,13,2,0.125,0.5,0.5,2,99,6,False,c,12FRH06,8078,1,1,0,0,401150,762,16158,384230,9941.004579586985,2,99,6,False,c,12FRH06
91,7,43.284,33.12,10.992,4.344,17.784,0.33188405797101456,0.13115942028985508,0.5369565217391304,0.18818181818181817,0.26171428571428573,0.14012903225806453,0.17266019417475728,176,42,31,4.066167637002126,103,130.20065368773,84.1676534196874,106.75225661176606,125.68617872697439,0.05808,0.047999999999999994,0.04971428571428571,0.05696703296703297,16,4.0,312.88473154088393,4,0,96,6,False,s,12FRH06,0.5,5,5,0.125,5,16,6,4,2,5,16,1,,0.25,,0,96,6,False,s,12FRH06,6821,0,0,0,0,47036,10585,34043,2408,5353.637161440324,0,96,6,False,s,12FRH06
92,17,431.34,300.264,46.416,35.364,218.484,0.15458396610982333,0.1177763568060107,0.727639677084166,0.18242041312272175,0.2652342857142857,0.1871111111111111,0.17042433697347895,1646,175,189,3.816015208420272,1282,127.69419570682015,77.73148943124431,111.50525858153173,123.58388295294841,0.07968145896656535,0.0783673469387755,0.12181818181818181,0.06734574898785425,35,1.75,334.13822207380593,13,3,97,6,False,s,12FRH06,0.625,13,13,0.125,9,12,12,8,2,5,16,1,0.125,0.25,0.25,3,97,6,False,s,12FRH06,17599,1,0,1,0,432612,2810,418281,11521,12057.080435096499,3,97,6,False,s,12FRH06
93,0,30.912,22.356,0.0,1.824,20.532,0.0,0.08158883521202362,0.9184111647879764,0.16318248175182484,0.0,0.152,0.164256,137,0,12,4.431935817805384,125,113.97973613616759,0.0,64.43808577164548,115.30172947450293,0.06291176470588235,0.0,0.08800000000000001,0.0583728813559322,0,0.0,,4,0,94,6,False,n,12FRH06,0.5,5,6,0.25,7,14,5,5,1,20,7,3,,0.125,,0,94,6,False,n,12FRH06,2727,1,0,0,1,31856,0,6251,25605,2462.289455366476,0,94,6,False,n,12FRH06
94,0,362.508,248.016,0.0,10.5,237.516,0.0,0.0423359783239791,0.9576640216760209,0.16999040438656612,0.0,0.1875,0.16929151817533855,1459,0,56,4.02473876438589,1403,120.29667536600068,0.0,138.0877120551986,119.73283180220129,0.07852674897119342,0.0,0.07587096774193548,0.0771764705882353,0,0.0,,9,4,95,6,False,n,12FRH06,0.5,12,13,0.25,10,7,12,10,1,20,7,3,0.25,0.125,0.125,4,95,6,False,n,12FRH06,9539,2,0,1,1,363927,0,347326,16601,6695.001532069885,4,95,6,False,n,12FRH06
95,2,98.484,72.252,0.624,3.732,67.896,0.008636439129712672,0.05165254941039695,0.9397110114598904,0.3473653846153846,0.312,0.26657142857142857,0.353625,208,2,14,2.112018195849072,192,160.91667729987904,0.0,76.32388441781889,143.5665213822743,0.1267246376811594,0.0,0.040799999999999996,0.1356,2,0.5,417.11844785966275,4,0,86,9,False,e,6MDH09,0.25,9,2,0.375,2,11,11,2,17,1,12,3,,0.5,,0,86,9,False,e,6MDH09,1584,1,0,1,0,99533,510,43651,55372,2761.0562649281896,0,86,9,False,e,6MDH09
96,13,369.252,301.824,24.492,34.356,242.976,0.08114662849872774,0.1138279262086514,0.8050254452926209,0.2855477767265847,0.42227586206896556,0.27706451612903227,0.2776868571428571,1057,58,124,2.8625437370684517,875,142.69846137267587,75.05471594987777,101.82237588538254,133.1854603264784,0.06385227272727273,0.04215384615384615,0.05055,0.06263768115942028,20,1.0,492.92045704143703,12,3,87,9,False,e,6MDH09,0.375,14,1,0.375,5,11,17,2,17,1,12,3,0.375,0.5,0.5,3,87,9,False,e,6MDH09,9395,6,0,3,3,364180,0,195105,169075,6737.551781998227,3,87,9,False,e,6MDH09
97,4,24.24,21.084,2.124,2.556,16.404,0.10073989755264656,0.12122936824132044,0.778030734206033,0.40546153846153843,0.35400000000000004,0.2556,0.45566666666666666,52,6,10,2.145214521452145,36,257.7936941374281,231.73037949025164,258.6048462353786,184.89375175865425,0.06188235294117647,0.048,0.06,0.05567999999999999,5,1.25,390.0548351798367,4,0,90,9,False,c,6MDH09,0.5,11,11,0.375,11,11,11,11,12,8,13,2,,0.25,,0,90,9,False,c,6MDH09,1736,1,0,0,1,25156,0,1601,23555,4466.426192908586,0,90,9,False,c,6MDH09
98,13,255.504,193.824,10.116,20.292,163.416,0.05219167904903417,0.10469291728578504,0.8431154036651807,0.2296492890995261,0.2593846153846154,0.25051851851851853,0.22571270718232045,844,39,81,3.3032750954975265,724,149.72213917741016,93.87513399478625,111.22971705674176,135.54547576037322,0.07316725978647687,0.05305263157894737,0.06142857142857143,0.06634061135371179,22,1.1,446.3728358526549,8,4,91,9,False,c,6MDH09,0.375,9,2,0.375,6,13,9,2,12,8,13,2,0.375,0.25,0.25,4,91,9,False,c,6MDH09,7703,1,0,0,1,257547,0,71723,185824,13877.453894526781,4,91,9,False,c,6MDH09
99,7,199.824,159.84,9.3,16.98,133.56,0.05818318318318318,0.10623123123123124,0.8355855855855856,0.2624630541871921,0.30000000000000004,0.21769230769230768,0.26712,609,31,78,3.0476819601249097,500,161.30697494931385,187.4170453564408,153.85332878406635,132.0738747426328,0.06576315789473684,0.057176470588235294,0.09538461538461539,0.055879828326180256,20,5.0,393.5585331094953,4,0,84,9,False,s,6MDH09,0.25,10,2,0.25,2,20,6,1,4,17,11,2,,0.375,,0,84,9,False,s,6MDH09,127229,0,0,0,0,202665,296,163863,38506,9356.047519461048,0,84,9,False,s,6MDH09
100,15,353.592,274.728,19.476,47.1,208.152,0.07089193675198742,0.17144229929239102,0.7576657639556215,0.24247837599293912,0.29509090909090907,0.24153846153846154,0.2387064220183486,1133,66,195,3.204258014887215,872,145.96841711807676,104.5437685032952,132.66260408312144,127.06089323405247,0.0696678445229682,0.0426,0.08912903225806451,0.055336633663366344,29,1.45,371.3308914950553,11,2,85,9,False,s,6MDH09,0.625,11,1,0.25,5,16,11,3,4,17,11,2,0.25,0.375,0.375,2,85,9,False,s,6MDH09,19923,5,0,4,1,353418,0,349182,4236,17762.377645056004,2,85,9,False,s,6MDH09
101,0,12.9,10.836,0.0,1.068,9.768,0.0,0.09856035437430787,0.9014396456256921,0.27784615384615385,0.0,0.2136,0.28729411764705887,39,0,5,3.0232558139534884,34,183.4328961625775,0.0,35.63279696124993,160.3502660224261,0.05431578947368421,0.0,0.036,0.05089655172413793,0,0.0,,4,0,88,9,False,n,6MDH09,0.0,5,1,0.75,16,14,8,1,2,20,11,1,,0.125,,0,88,9,False,n,6MDH09,2214,0,0,0,0,12421,0,6160,6261,2964.640734832657,0,88,9,False,n,6MDH09
102,0,234.0,190.908,0.0,17.604,173.304,0.0,0.09221195549688856,0.9077880445031116,0.23803990024937655,0.0,0.247943661971831,0.237077975376197,802,0,71,3.427350427350427,731,136.28947956390246,0.0,104.41857249394286,136.89493533046408,0.05379775280898876,0.0,0.045000000000000005,0.0539568345323741,0,0.0,,12,1,89,9,False,n,6MDH09,0.375,7,1,0.75,6,15,9,1,2,20,11,1,0.75,0.125,0.125,1,89,9,False,n,6MDH09,8492,6,0,4,2,-1473940253394,0,227877,-1473940481271,7339.213582933432,1,89,9,False,n,6MDH09
103,1,53.904,42.9,0.384,1.74,40.776,0.008951048951048951,0.04055944055944056,0.9504895104895106,0.20526315789473684,0.384,0.24857142857142858,0.20286567164179106,209,1,7,3.877263282873256,201,125.31335700290244,0.0,0.0,121.02621781695134,0.05290384615384615,0.0,0.0,0.051979274611398965,1,0.25,704.9548640527013,4,0,111,8,False,e,13MM08,0.5,13,10,0.25,12,14,9,10,9,2,12,3,,0.5,,0,111,8,False,e,13MM08,1392,1,0,0,1,55067,0,6617,48450,2830.3431847903707,0,111,8,False,e,13MM08
104,3,284.544,211.788,2.76,15.144,193.884,0.013031899824352653,0.07150546773188282,0.9154626324437644,0.1799388275276126,0.21230769230769228,0.17609302325581397,0.17985528756957328,1177,13,86,4.136442869995502,1078,130.72605288160514,57.415881921114746,199.1039458992979,119.70198819921484,0.06186734693877551,0.0375,0.1245,0.05824561403508772,6,0.3,542.2988017251703,8,4,112,8,False,e,13MM08,0.5,16,16,0.25,12,9,13,18,9,2,12,3,0.25,0.5,0.5,4,112,8,False,e,13MM08,17028,1,0,0,1,286337,255,124376,161706,14171.642610265439,4,112,8,False,e,13MM08
105,0,64.944,50.232,0.0,3.12,47.112,0.0,0.06211180124223603,0.9378881987577641,0.1888421052631579,0.0,0.195,0.188448,266,0,16,4.095836412909583,250,125.18798615470351,0.0,193.6720687699527,119.4990112544519,0.05551698113207547,0.0,0.0495,0.05487136929460581,0,0.0,,4,0,109,8,False,c,13MM08,0.5,14,10,0.25,12,13,10,12,4,9,11,2,,0.375,,0,109,8,False,c,13MM08,21545,0,0,0,0,64510,24,9237,55249,6997.554206820872,0,109,8,False,c,13MM08
106,3,245.424,190.416,1.284,13.08,176.052,0.006743130829342072,0.06869170657927906,0.9245651625913789,0.19022577422577422,0.321,0.18956521739130436,0.18971120689655172,1001,4,69,4.078655714192581,928,105.70567990209575,39.06384532309364,85.50106755781007,101.86490514665132,0.055008,0.036,0.04858536585365854,0.05465333333333334,3,0.15,520.9523547651041,12,1,110,8,False,c,13MM08,0.375,16,15,0.25,10,10,14,12,4,9,11,2,0.25,0.375,0.375,1,110,8,False,c,13MM08,8878,4,1,0,3,245666,1498,15051,229117,9859.067895674307,1,110,8,False,c,13MM08
107,8,144.228,107.508,5.1,16.74,85.668,0.04743833017077799,0.15570934256055363,0.7968523272686685,0.2083488372093023,0.2833333333333333,0.23249999999999998,0.2010985915492958,516,18,72,3.5776686912388715,426,134.70795198328364,173.33639870341102,171.79902180162316,111.4140439993569,0.07130097087378641,0.597,0.06213333333333333,0.05630769230769231,13,3.25,319.35542821869814,5,0,107,8,False,s,13MM08,0.5,16,9,0.375,8,16,18,12,6,7,13,4,,0.25,,0,107,8,False,s,13MM08,9404,2,0,0,2,148752,5432,62775,80545,19204.445541683905,0,107,8,False,s,13MM08
108,13,281.088,188.46,7.296,22.188,158.976,0.03871378541865648,0.11773320598535497,0.8435530085959885,0.17965681601525263,0.17795121951219514,0.15197260273972601,0.18442691415313225,1049,41,146,3.731927367941712,862,113.980559645797,82.41122374337249,107.46470130991926,105.84185259175146,0.08838549618320611,0.0568695652173913,0.06741573033707865,0.0818423645320197,19,0.95,307.8349476984775,11,2,108,8,False,s,13MM08,0.75,19,15,0.375,7,10,19,15,6,7,13,4,0.375,0.25,0.25,2,108,8,False,s,13MM08,11721,3,0,1,2,282300,21211,49240,211849,28126.462947058204,2,108,8,False,s,13MM08
109,0,16.236,12.696,0.0,0.336,12.36,0.0,0.026465028355387527,0.9735349716446124,0.19532307692307693,0.0,0.168,0.1961904761904762,65,0,2,4.003449125400345,63,126.67489223537439,0.0,0.0,130.0750719012761,0.0553125,0.0,0.0,0.0566,0,0.0,,4,0,113,8,False,n,13MM08,0.5,10,10,0.5,10,13,12,10,1,11,16,1,,0.125,,0,113,8,False,n,13MM08,1129,1,0,0,1,15795,0,4782,11013,2474.664324892967,0,113,8,False,n,13MM08
110,0,248.784,191.916,0.0,21.36,170.556,0.0,0.11129869317826549,0.8887013068217345,0.18796865817825661,0.0,0.20941176470588235,0.185588683351469,1021,0,102,4.103961669560744,919,121.72623850947855,0.0,78.06811747560589,118.03095546482763,0.05575294117647059,0.0,0.048,0.05504651162790698,0,0.0,,12,3,114,8,False,n,13MM08,0.375,13,9,0.5,9,14,10,9,1,11,16,1,0.5,0.125,0.125,3,114,8,False,n,13MM08,7791,3,0,0,3,-1474025936664,0,42367,-1474025979031,10390.866148382893,3,114,8,False,n,13MM08
111,15,445.092,350.136,16.224,37.164,296.748,0.046336280759476316,0.1061416135444513,0.8475221056960723,0.19538839285714288,0.2659672131147541,0.21358620689655172,0.19058959537572254,1792,61,174,4.026133922874372,1557,120.11655653122496,80.85797558489041,72.83677767617196,113.49217765756995,0.053018425460636516,0.04552941176470588,0.043745454545454546,0.05291672218520986,31,1.55,480.17361917168256,8,4,102,11,False,e,12JR11,0.5,12,8,0.25,5,9,13,6,17,2,11,2,0.25,0.375,0.375,4,102,11,False,e,12JR11,6884,1,0,1,0,445916,401,416925,28590,6819.300184780515,4,102,11,False,e,12JR11
112,4,35.724,28.14,1.536,4.788,21.816,0.05458422174840085,0.1701492537313433,0.7752665245202558,0.19816901408450704,0.21942857142857145,0.19152000000000002,0.1983272727272727,142,7,25,3.9749188220803946,110,156.8066361719029,100.40104283693174,91.47400748660354,148.84137570872147,0.053787234042553186,0.042,0.04725,0.054060606060606066,5,1.25,537.3957528903371,4,0,105,11,False,c,12JR11,0.5,3,3,0.5,1,4,4,1,11,2,13,3,,0.5,,0,105,11,False,c,12JR11,2099,1,0,1,0,37546,0,4493,33053,5047.085716864944,0,105,11,False,c,12JR11
113,15,443.532,334.02,23.64,21.288,289.092,0.07077420513741693,0.06373271061613077,0.8654930842464523,0.17948414830736162,0.2781176470588235,0.18673684210526317,0.173942238267148,1861,85,114,4.19586410901581,1662,130.62931559707627,72.64495007552424,64.08922513186482,121.30524731882532,0.05887741935483871,0.04223076923076923,0.03769014084507043,0.0550352504638219,37,1.85,492.27931118516955,13,3,106,11,False,c,12JR11,0.875,12,6,0.5,4,13,13,6,11,2,13,3,0.5,0.5,0.5,3,106,11,False,c,12JR11,6780,2,0,2,0,444497,0,14755,429742,14765.71769937418,3,106,11,False,c,12JR11
114,6,30.804,23.64,5.892,8.088,9.66,0.24923857868020305,0.3421319796954314,0.4086294416243655,0.1832558139534884,0.22661538461538464,0.17208510638297872,0.17250000000000001,129,26,47,4.187767822360732,56,150.56295115903646,118.9274440282593,82.10167434989845,141.50265872037022,0.05596875,0.054,0.040799999999999996,0.050042553191489356,15,3.75,383.2626214732029,4,0,103,11,False,s,12JR11,0.5,4,3,0.75,3,3,2,2,3,6,15,1,,0.125,,0,103,11,False,s,12JR11,5042,1,0,0,1,-1474017160817,24,26688,-1474017187529,5384.751388029376,0,103,11,False,s,12JR11
115,19,434.52,334.572,29.94,43.392,261.24,0.08948746458161472,0.12969405688461677,0.7808184785337685,0.1821295590636908,0.27722222222222226,0.18623175965665237,0.17462566844919786,1837,108,233,4.227653502715641,1496,124.58542356503709,107.07543583279461,112.51646323604432,115.53394722901548,0.054437908496732024,0.04135384615384616,0.06081987577639751,0.053090146750524106,52,2.6,346.4721114773289,11,1,104,11,False,s,12JR11,0.625,7,5,0.75,3,9,12,5,3,6,15,1,0.75,0.125,0.125,1,104,11,False,s,12JR11,13584,1,0,0,1,435082,11160,423644,278,12501.246232854155,1,104,11,False,s,12JR11
116,0,190.764,145.836,0.0,6.504,139.332,0.0,0.04459804163581008,0.9554019583641897,0.18554198473282443,0.0,0.2168,0.1843015873015873,786,0,30,4.120274265584701,756,119.5685042524962,0.0,110.19530204843154,113.85827372248563,0.057233121019108275,0.0,0.04941176470588235,0.05653908355795148,0,0.0,,4,0,100,11,False,n,12JR11,0.5,6,9,0.625,4,6,10,3,1,20,15,4,,0.25,,0,100,11,False,n,12JR11,1758,0,0,0,0,-1474015261704,0,171589,-1474015433293,3020.2866549207324,0,100,11,False,n,12JR11
117,0,421.2,331.272,0.0,13.716,317.556,0.0,0.041404042599434907,0.958595957400565,0.19486588235294117,0.0,0.1905,0.19505896805896805,1700,0,72,4.036087369420703,1628,104.11196528165515,0.0,76.31174717999392,103.38604360978421,0.0529299587992937,0.0,0.04013793103448276,0.053219696969696965,0,0.0,,11,2,101,11,False,n,12JR11,0.75,10,7,0.625,4,9,13,6,1,20,15,4,0.625,0.25,0.25,2,101,11,False,n,12JR11,6613,1,0,0,1,421694,0,392774,28920,7521.451806804796,2,101,11,False,n,12JR11
118,3,68.736,56.556,0.864,11.856,43.836,0.015276893698281349,0.20963293019308296,0.7750901761086357,0.27998019801980195,0.144,0.304,0.27921019108280254,202,6,39,2.938780260707635,157,161.11091177434264,50.550584351954306,223.3473501268978,122.7421674232625,0.06059701492537313,0.032,0.073,0.048375,3,0.75,485.6793270925769,4,0,172,10,False,e,10F,0.25,7,7,0.5,6,7,6,5,13,13,7,4,,0.375,,0,172,10,False,e,10F,3749,14,0,2,12,69819,0,3431,66388,11017.597408047015,0,172,10,False,e,10F
119,10,551.364,428.412,14.256,45.18,368.976,0.03327637881291841,0.10545923083387021,0.8612643903532115,0.26428871067242443,0.37515789473684213,0.2403191489361702,0.2644989247311828,1621,38,188,2.939981572971757,1395,120.4644771154429,51.71252770781058,70.50389106939767,113.33232106070682,0.0758962962962963,0.04736842105263158,0.17891891891891892,0.057107551487414185,19,0.95,499.57802861689544,13,3,173,10,False,e,10F,0.625,10,8,0.5,12,10,8,13,13,13,7,4,0.5,0.375,0.375,3,173,10,False,e,10F,16564,26,0,2,24,553576,0,106620,446956,45665.969188826864,3,173,10,False,e,10F
120,4,69.78,57.3,1.728,5.364,50.208,0.030157068062827225,0.09361256544502618,0.8762303664921466,0.2908629441624365,0.216,0.2682,0.2970887573964497,197,8,20,2.823158498137002,169,143.90002869072933,119.96109649364207,98.63369597481136,126.14515182846172,0.0636734693877551,0.039,0.057999999999999996,0.06134210526315789,4,1.0,407.7137859395418,4,0,174,10,False,c,10F,0.5,4,4,0.25,3,2,2,3,3,6,13,2,,0.125,,0,174,10,False,c,10F,3124,7,0,1,6,70800,0,6844,63956,29085.9662784474,0,174,10,False,c,10F
121,6,444.288,319.86,4.188,32.604,283.068,0.013093228287375726,0.1019320952916901,0.8849746764209341,0.23728486646884275,0.1745,0.20377499999999998,0.24318556701030927,1348,24,160,3.0340679919331603,1164,109.98252754335155,51.59282315392068,71.47772973370344,101.29857140994606,0.09237416481069043,0.05630769230769231,0.2607741935483871,0.05425753424657534,11,0.55,387.01951468410596,9,4,175,10,False,c,10F,0.625,11,8,0.25,7,10,9,11,3,6,13,2,0.25,0.125,0.125,4,175,10,False,c,10F,9215,30,0,1,29,467384,0,70782,396602,46756.312728646,4,175,10,False,c,10F
122,8,99.936,58.776,8.94,16.908,32.928,0.15210289914250713,0.2876684360963659,0.5602286647611269,0.19083116883116885,0.1902127659574468,0.1625769230769231,0.2097324840764331,308,47,104,3.08197246237592,157,154.60826667404478,87.00550463126321,107.31034334059807,107.1400030772723,0.134071661237785,0.048,0.11645070422535213,0.08516129032258064,28,7.0,313.90669153332163,5,0,170,10,False,s,10F,0.25,5,4,0.375,4,7,5,6,10,6,7,3,,0.5,,0,170,10,False,s,10F,8193,15,0,5,10,106340,11578,23823,70939,23985.738270160742,0,170,10,False,s,10F
123,15,339.192,263.34,11.664,51.168,200.508,0.04429254955570745,0.19430394167236273,0.76140350877193,0.252,0.24817021276595744,0.2597360406091371,0.25032209737827715,1045,47,197,3.080850963466119,801,148.63684647981594,142.2656546749864,121.41523164344467,128.43721910440598,0.0726551724137931,0.1356521739130435,0.06396694214876034,0.054655737704918037,31,1.55,508.533819091353,12,2,171,10,False,s,10F,0.5,10,8,0.375,9,13,7,15,10,6,7,3,0.375,0.5,0.5,2,171,10,False,s,10F,19903,72,0,2,70,342318,28403,56331,257584,87806.23836151086,2,171,10,False,s,10F
124,0,38.952,32.964,0.0,2.088,30.876,0.0,0.06334182744812523,0.9366581725518749,0.28417241379310343,0.0,0.2088,0.2912830188679245,116,0,10,2.9780242349558432,106,136.54343131442332,0.0,80.75492054977363,132.2932123483848,0.05206956521739131,0.0,0.036,0.04997938144329897,0,0.0,,4,0,176,10,False,n,10F,0.5,2,3,0.25,4,1,3,3,6,6,10,1,,0.25,,0,176,10,False,n,10F,1982,6,0,0,6,39973,0,9935,30038,10926.174588450709,0,176,10,False,n,10F
125,0,484.764,398.184,0.0,54.288,343.896,0.0,0.1363389789644988,0.8636610210355011,0.2761331484049931,0.0,0.27008955223880593,0.2771120064464142,1442,0,201,2.9746433316005314,1241,120.88073693320068,0.0,78.46614317790792,116.02143635105102,0.060083275503122834,0.0,0.0689433962264151,0.05239126637554585,0,0.0,,12,1,177,10,False,n,10F,0.5,7,6,0.25,6,6,6,9,6,6,10,1,0.25,0.25,0.25,1,177,10,False,n,10F,9855,23,0,1,22,485015,0,95226,389789,33487.17902180887,1,177,10,False,n,10F
126,3,37.56,30.876,0.576,2.52,27.78,0.0186552662261951,0.08161678973960357,0.8997279440342013,0.2159160839160839,0.144,0.2290909090909091,0.21703125,143,4,11,3.807241746538871,128,140.02473317869155,51.54723352373645,68.35361844509637,113.89468935096603,0.04707042253521127,0.036,0.038400000000000004,0.04472727272727273,2,0.5,468.183623537259,4,0,135,13,False,e,17MRW13,0.5,2,2,0.75,3,11,2,2,12,13,14,1,,0.25,,0,135,13,False,e,17MRW13,2052,1,0,1,0,39184,0,25261,13923,2322.734730371088,0,135,13,False,e,17MRW13
127,16,271.176,208.476,12.468,26.856,169.152,0.05980544523110574,0.12882058366430668,0.8113739711045875,0.1774263829787234,0.23976923076923076,0.2397857142857143,0.16731157270029673,1175,52,112,4.332979319703809,1011,126.90236118388674,112.6610890760779,83.90272319905927,113.79833783602183,0.05340715502555367,0.042923076923076925,0.05492957746478873,0.051055214723926386,30,1.5,442.81019754844374,11,2,136,13,False,e,17MRW13,0.5,2,9,0.75,9,12,2,3,12,13,14,1,0.75,0.25,0.25,2,136,13,False,e,17MRW13,22450,1,0,1,0,272015,3523,264686,3806,9065.898965255126,2,136,13,False,e,17MRW13
128,6,39.864,28.512,1.416,10.596,16.5,0.04966329966329966,0.37163299663299665,0.5787037037037037,0.22450393700787402,0.177,0.2522857142857143,0.21428571428571427,127,8,42,3.1858318282159344,77,211.53966743170676,123.33576848928047,65.94473087562629,135.9515440058359,0.0900952380952381,0.06,0.044000000000000004,0.05678571428571429,7,1.75,438.3444226980976,4,0,133,13,False,c,17MRW13,0.5,1,4,0.625,1,11,1,1,15,18,18,4,,0.375,,0,133,13,False,c,17MRW13,1359,1,0,0,1,41488,0,16673,24815,8036.616811032769,0,133,13,False,c,17MRW13
129,21,299.58,218.364,27.288,22.416,168.66,0.12496565367917789,0.10265428367313294,0.7723800626476891,0.16115424354243543,0.24583783783783783,0.15248979591836734,0.15374658158614402,1355,111,147,4.522998865077776,1097,132.4160451164053,60.11497166123888,73.24844378553777,115.61385205766723,0.05998227474150664,0.042,0.053285714285714283,0.05704615384615385,42,2.1,463.5685414481548,12,1,134,13,False,c,17MRW13,0.875,8,2,0.625,6,11,1,2,15,18,18,4,0.625,0.375,0.375,1,134,13,False,c,17MRW13,8691,4,0,1,3,298730,0,53475,245255,13313.506959951888,1,134,13,False,c,17MRW13
130,4,16.056,12.78,1.32,2.64,8.82,0.10328638497652583,0.20657276995305165,0.6901408450704226,0.1966153846153846,0.264,0.165,0.20045454545454547,65,5,16,4.048330842052815,44,170.44246815106268,225.11747747164983,168.87486992813092,135.42650282814324,0.0511875,0.042,0.072,0.04971428571428571,4,1.0,250.43409333927104,4,0,137,13,False,s,17MRW13,0.5,2,2,0.25,2,11,2,2,9,6,18,2,,0.125,,0,137,13,False,s,17MRW13,2011,1,1,0,0,17481,4137,13032,312,6137.605463615646,0,137,13,False,s,17MRW13
131,19,332.076,248.448,25.44,25.128,197.88,0.10239567233384854,0.10113987635239567,0.7964644513137558,0.16640857334226392,0.21743589743589745,0.18341605839416059,0.1597094430992736,1493,117,137,4.495958756429251,1239,132.126348311219,85.51327711528228,134.3904568069206,118.14736563151348,0.05605093833780161,0.07324675324675324,0.06951724137931034,0.05093959731543624,48,2.4,404.4866438571809,8,4,138,13,False,s,17MRW13,0.5,9,7,0.25,3,10,9,2,9,6,18,2,0.25,0.125,0.125,4,138,13,False,s,17MRW13,74855,0,0,0,0,331516,552,330614,350,17733.82580897817,4,138,13,False,s,17MRW13
132,0,67.296,51.216,0.0,5.88,45.336,0.0,0.1148078725398313,0.8851921274601686,0.194,0.0,0.2352,0.18969037656903764,264,0,25,3.922967189728958,239,134.36724666531998,0.0,119.87651608027356,118.34407256069333,0.06114068441064638,0.0,0.109,0.058506666666666665,0,0.0,,4,0,131,13,False,n,17MRW13,0.5,5,4,0.25,4,14,5,1,1,15,13,3,,0.5,,0,131,13,False,n,17MRW13,5162,1,0,1,0,-1474278730001,0,57224,-1474278787225,4353.951020406562,0,131,13,False,n,17MRW13
133,0,263.784,199.56,0.0,5.652,193.908,0.0,0.028322309079975946,0.971677690920024,0.16727577535624477,0.0,0.14492307692307693,0.1680311958405546,1193,0,39,4.5226397355412,1154,118.77498636476015,0.0,86.7824253794535,114.69783940179428,0.053879194630872485,0.0,0.04666666666666666,0.053513802315227066,0,0.0,,12,3,132,13,False,n,17MRW13,0.5,3,14,0.25,1,11,4,1,1,15,13,3,0.25,0.5,0.5,3,132,13,False,n,17MRW13,7744,1,0,1,0,-1474278748913,0,-1474278761874,12961,7403.44961157709,3,132,13,False,n,17MRW13
134,8,143.508,102.672,6.348,11.268,85.056,0.06182795698924731,0.10974754558204769,0.828424497428705,0.1823658969804618,0.18137142857142857,0.181741935483871,0.1825236051502146,563,35,62,3.9231262368648436,466,150.8586563987089,44.954839735220126,102.11980314748602,120.77438771718182,0.07266192170818506,0.05890909090909091,0.04114285714285714,0.06425629290617849,26,6.5,487.28364772588276,5,0,188,12,False,e,12F,0.5,10,2,0.375,8,15,13,2,15,4,5,4,,0.125,,0,188,12,False,e,12F,57077,0,0,0,0,141843,0,4006,137837,6830.747834605497,0,188,12,False,e,12F
135,12,311.232,245.352,10.608,41.064,193.68,0.04323584075124719,0.16736770028367406,0.7893964589650787,0.20934470989761092,0.19287272727272728,0.21959358288770053,0.20825806451612905,1172,55,187,3.765679621632737,930,122.41760513766103,93.71975470610528,73.21292644293918,102.5737833496191,0.0562596071733561,0.04834285714285714,0.050150943396226416,0.051094958968347017,24,1.2,596.7050147996275,7,4,189,12,False,e,12F,0.375,12,2,0.375,7,16,16,2,15,4,5,4,0.375,0.125,0.125,4,189,12,False,e,12F,41676,1,0,0,1,466692,650,95403,370639,17599.560078076334,4,189,12,False,e,12F
136,1,63.156,47.724,0.144,3.612,43.968,0.0030173497611264773,0.07568518984158915,0.9212974603972846,0.19013545816733066,0.144,0.20066666666666666,0.18951724137931036,251,1,18,3.9742858952435243,232,137.79976449315055,0.0,86.56386151632687,124.6736048447654,0.061728,0.0,0.036,0.059119266055045874,1,0.25,423.1335486581039,4,0,190,12,False,c,12F,0.5,6,2,0.375,4,17,17,2,13,5,13,2,,0.5,,0,190,12,False,c,12F,28764,0,0,0,0,62342,1475,4318,56549,4726.464207739976,0,190,12,False,c,12F
137,9,213.576,120.324,7.44,11.724,101.16,0.061833050762940066,0.0974369203151491,0.8407300289219108,0.20359390862944163,0.25655172413793104,0.20213793103448277,0.2007142857142857,591,29,58,2.767164849983144,504,133.17138246823004,90.60284797468533,99.36873905977387,111.93379431202278,0.15805423728813559,0.07129411764705883,0.04133333333333333,0.06197938144329897,15,0.75,561.0776620865809,10,3,191,12,False,c,12F,0.25,11,11,0.375,11,11,11,11,13,5,13,2,0.375,0.5,0.5,3,191,12,False,c,12F,57493,4,0,0,4,240934,184,146282,94468,10765.007653477425,3,191,12,False,c,12F
138,4,15.648,12.132,1.14,3.384,7.608,0.09396636993076161,0.27893175074183973,0.6271018793273986,0.2056271186440678,0.285,0.17810526315789474,0.21133333333333332,59,4,19,3.7704498977505114,36,182.17997256680167,0.0,239.93980086985238,145.09277842244842,0.060620689655172415,0.0,0.06,0.06692307692307692,4,1.0,302.09538696043893,5,0,192,12,False,s,12F,0.5,4,2,0.25,3,16,16,1,6,15,7,3,,0.25,,0,192,12,False,s,12F,8545,0,0,0,0,16168,4458,7619,4091,5817.047044032711,0,192,12,False,s,12F
139,12,260.448,182.076,6.78,25.08,150.216,0.03723719765372702,0.13774467804653,0.8250181242997431,0.2018580931263858,0.21870967741935485,0.18306569343065693,0.2046539509536785,902,31,137,3.463263300159725,734,132.23529636305105,99.20061498776667,135.35200046645988,117.60540383590049,0.08698335183129856,0.040363636363636365,0.06127659574468085,0.09261055634807418,22,1.1,332.1645719021214,11,1,193,12,False,s,12F,0.75,8,1,0.25,9,14,16,1,6,15,7,3,0.25,0.25,0.25,1,193,12,False,s,12F,109331,3,0,1,2,261474,21963,122678,116833,16197.14796772297,1,193,12,False,s,12F
140,0,137.088,106.32,0.0,5.628,100.692,0.0,0.052934537246049664,0.9470654627539503,0.18587412587412586,0.0,0.19406896551724137,0.18543646408839778,572,0,29,4.17250233426704,543,129.78888020962535,0.0,102.84610875442569,125.30196440308373,0.05388441330998249,0.0,0.045,0.052583493282149715,0,0.0,,5,0,186,12,False,n,12F,0.75,7,2,0.25,8,13,12,14,4,18,16,1,,0.375,,0,186,12,False,n,12F,54059,0,0,0,0,141542,0,118840,22702,3782.5217230131566,0,186,12,False,n,12F
141,0,422.568,334.644,0.0,22.896,311.748,0.0,0.06841897658407144,0.9315810234159285,0.19287838616714698,0.0,0.2008421052631579,0.19231832202344232,1735,0,114,4.105848052857765,1621,127.12243178267302,0.0,133.07516526841368,121.051907799929,0.05070588235294118,0.0,0.04922448979591837,0.050369131832797426,0,0.0,,10,2,187,12,False,n,12F,0.625,12,3,0.25,8,11,14,3,4,18,16,1,0.25,0.375,0.375,2,187,12,False,n,12F,149866,2,0,0,2,419927,0,81739,338188,14856.002137430802,2,187,12,False,n,12F
142,0,24.096,20.232,0.0,1.944,18.288,0.0,0.09608540925266904,0.903914590747331,0.2975294117647059,0.0,0.216,0.3099661016949153,68,0,9,2.8220451527224437,59,170.46119350985424,0.0,101.46080262083291,157.7763843960253,0.057671641791044774,0.0,0.048,0.05666666666666667,0,0.0,,4,0,153,15,False,e,MPS15,0.25,11,11,0.375,11,11,11,11,18,6,12,3,,0.25,,0,153,15,False,e,MPS15,5000,0,0,0,0,24429,0,3551,20878,2426.3706914662866,0,153,15,False,e,MPS15
143,11,238.188,182.244,8.604,12.684,160.956,0.04721143082899848,0.06959899914400473,0.8831895700269967,0.18885388601036268,0.19119999999999998,0.18382608695652172,0.18913748531139835,965,45,69,4.051421566157825,851,138.30667129971843,88.46918245479787,90.05430623461504,128.74563316030222,0.05803319502074689,0.044000000000000004,0.09705882352941175,0.056121951219512196,25,1.25,471.941261440328,8,4,154,15,False,e,MPS15,0.5,14,4,0.375,10,13,12,7,18,6,12,3,0.375,0.25,0.25,4,154,15,False,e,MPS15,10866,2,0,1,1,240363,0,72184,168179,6592.824178493552,4,154,15,False,e,MPS15
144,4,30.144,25.62,4.656,4.128,16.836,0.18173302107728334,0.1611241217798595,0.657142857142857,0.3243037974683544,0.38799999999999996,0.258,0.3301176470588235,79,12,16,2.6207537154989384,51,222.55391579421382,115.06251361463084,118.1320125891894,152.9090496530392,0.058,0.036,0.096,0.0492972972972973,11,2.75,434.76252961026313,4,0,147,15,False,c,MPS15,0.25,11,11,0.5,11,11,11,11,13,11,8,2,,0.5,,0,147,15,False,c,MPS15,1390,1,0,1,0,31678,0,2294,29384,3438.3000755915814,0,147,15,False,c,MPS15
145,3,167.868,131.844,1.476,9.072,121.296,0.011195048693910987,0.06880859197233094,0.9199963593337581,0.1808559670781893,0.21085714285714285,0.252,0.17681632653061224,729,7,36,4.342697834012439,686,140.94999182518427,45.61237354242662,61.079072591160056,138.06729947183013,0.04948351648351648,0.032,0.040615384615384616,0.04892447129909365,4,0.2,481.8326229569394,12,3,148,15,False,c,MPS15,0.625,13,3,0.5,14,11,12,14,13,11,8,2,0.5,0.5,0.5,3,148,15,False,c,MPS15,9674,1,0,1,0,169052,0,9858,159194,6380.860158561893,3,148,15,False,c,MPS15
146,5,22.212,17.604,1.596,4.476,11.532,0.09066121336059987,0.25426039536468986,0.6550783912747103,0.20710588235294117,0.15960000000000002,0.17904,0.23064,85,10,25,3.8267603097424816,50,172.1404738777952,183.14847702805628,174.19724392785113,117.95095496797802,0.054857142857142854,0.03,0.06705882352941175,0.044780487804878054,9,2.25,315.63494153078483,4,0,149,15,False,s,MPS15,0.25,11,11,0.375,11,11,11,11,5,3,15,1,,0.125,,0,149,15,False,s,MPS15,3531,1,0,0,1,22814,3281,8701,10832,5243.209446234294,0,149,15,False,s,MPS15
147,13,254.412,193.44,14.964,34.236,144.24,0.07735732009925558,0.176985111662531,0.7456575682382135,0.18422857142857144,0.2338125,0.22376470588235292,0.17315726290516206,1050,64,153,4.127163813027687,833,138.12696599506788,112.54134953692075,128.80972647516154,132.00462705021565,0.058123927550047666,0.04390243902439025,0.07834615384615384,0.05054867256637168,28,1.4,319.23098536247795,10,2,150,15,False,s,MPS15,0.625,9,1,0.375,8,14,10,7,5,3,15,1,0.375,0.125,0.125,2,150,15,False,s,MPS15,93082,1,0,0,1,-1474289123322,-1474289360722,81494,155906,11835.442646406858,2,150,15,False,s,MPS15
148,0,10.428,8.496,0.0,0.264,8.232,0.0,0.031073446327683614,0.9689265536723163,0.23600000000000002,0.0,0.264,0.2352,36,0,1,3.452243958573072,35,160.95020029922537,0.0,0.0,161.0547633008781,0.0552,0.0,0.0,0.05490909090909091,0,0.0,,4,0,151,15,False,n,MPS15,0.0,11,11,0.5,11,11,11,11,2,8,14,4,,0.375,,0,151,15,False,n,MPS15,481,1,0,0,1,12278,0,1291,10987,3039.3560001327187,0,151,15,False,n,MPS15
149,0,223.872,174.768,0.0,9.048,165.72,0.0,0.051771491348530624,0.9482285086514693,0.18612140575079872,0.0,0.20106666666666667,0.18536912751677853,939,0,45,4.194361063464837,894,129.1905257153853,0.0,117.97385050822125,127.14716414476338,0.052349680170575695,0.0,0.0468,0.05234965034965035,0,0.0,,11,1,152,15,False,n,MPS15,0.625,15,3,0.5,15,9,13,14,2,8,14,4,0.5,0.375,0.375,1,152,15,False,n,MPS15,8386,1,0,1,0,224281,0,25876,198405,7293.079854299785,1,152,15,False,n,MPS15
150,2,87.46,66.37,0.67,4.15,61.55,0.01009492240470092,0.0625282507156848,0.9273768268796142,0.2140967741935484,0.1675,0.23055555555555557,0.21371527777777777,310,4,18,3.544477475417334,288,135.4832049700378,98.08658942661808,95.11888457773877,123.80481080670867,0.06825242718446602,0.04,0.038,0.06893772893772894,3,0.75,683.6846022850611,4,0,32,14,False,e,2FQ2014,0.5,6,6,0.5,5,12,5,6,3,6,16,1,,0.5,,0,32,14,False,e,2FQ2014,1014,1,0,0,1,87560,0,895,86665,2303.671286837397,0,32,14,False,e,2FQ2014
151,12,308.26,232.42,4.32,35.52,192.58,0.018587040702177097,0.15282677910678946,0.8285861801910336,0.20334208223972003,0.20571428571428574,0.20894117647058824,0.20228991596638657,1143,21,170,3.707908908064621,952,125.78372950545678,53.25888980142646,132.88618590786078,103.70309264310951,0.06640980735551665,0.03571428571428571,0.057727272727272724,0.06713646532438479,14,0.7,542.3323397821546,10,2,33,14,False,e,2FQ2014,0.375,6,7,0.5,13,11,7,7,3,6,16,1,0.5,0.5,0.5,2,33,14,False,e,2FQ2014,5732,2,0,1,1,308875,1831,239589,67455,6513.935592039436,2,33,14,False,e,2FQ2014
152,6,110.01,81.28,2.53,9.9,68.85,0.031126968503937005,0.12180118110236221,0.8470718503937007,0.18946386946386948,0.16866666666666666,0.1867924528301887,0.19072022160664817,429,15,53,3.8996454867739296,361,135.6666427423404,50.08764828512897,74.39281461552565,107.85756650633198,0.06712616822429907,0.0375,0.05129032258064516,0.06533724340175953,11,2.75,397.89673405330007,4,0,28,14,False,c,2FQ2014,0.5,6,4,0.0,11,12,7,7,9,8,3,4,,0.125,,0,28,14,False,c,2FQ2014,2212,2,0,0,2,111817,0,1074,110743,5279.184040819647,0,28,14,False,c,2FQ2014
153,12,311.5,228.82,10.15,14.9,203.77,0.04435801066340355,0.06511668560440521,0.8905253037321913,0.1986284722222222,0.22065217391304348,0.19605263157894737,0.1978349514563107,1152,46,76,3.698234349919743,1030,124.16671953098151,67.68323251587671,101.24947402525311,103.62150707828604,0.07183318853171156,0.05652173913043478,0.09529411764705883,0.06594069529652351,24,1.2,503.2356859138597,12,1,29,14,False,c,2FQ2014,0.5,7,8,0.0,12,8,8,8,9,8,3,4,0.0,0.125,0.125,1,29,14,False,c,2FQ2014,8652,1,0,0,1,313905,0,6768,307137,7584.568916519799,1,29,14,False,c,2FQ2014
154,5,77.01,55.92,5.3,9.05,41.57,0.09477825464949928,0.16183834048640916,0.7433834048640915,0.1710091743119266,0.212,0.17403846153846156,0.16628,327,25,52,4.246201791975068,250,125.77958664256276,90.20982551264288,104.82546545833793,101.6027206715248,0.06469325153374234,0.04692307692307692,0.05566666666666666,0.06307692307692307,13,3.25,403.81239533020886,4,0,30,14,False,s,2FQ2014,0.5,6,6,0.5,8,3,6,7,6,9,13,2,,0.25,,0,30,14,False,s,2FQ2014,6115,1,0,1,0,79910,840,26013,53057,4797.769121427753,0,30,14,False,s,2FQ2014
155,11,354.86,256.43,3.28,24.01,229.14,0.012791015091837927,0.09363179035214289,0.8935771945560191,0.20207249802994484,0.1426086956521739,0.20176470588235296,0.20331854480922804,1269,23,119,3.5760581637829003,1127,108.58195174624647,82.57087399843873,170.5696522912765,91.22068651217282,0.07762618296529969,0.04111111111111111,0.07291666666666667,0.07595260663507108,15,0.75,425.4420673759272,8,4,31,14,False,s,2FQ2014,0.25,6,6,0.5,12,7,6,7,6,9,13,2,0.5,0.25,0.25,4,31,14,False,s,2FQ2014,10938,1,0,0,1,356839,4084,261505,91250,12207.28904433976,4,31,14,False,s,2FQ2014
156,0,35.34,25.22,0.0,1.77,23.45,0.0,0.07018239492466297,0.9298176050753371,0.1882089552238806,0.0,0.16090909090909092,0.19065040650406503,134,0,11,3.7917374080362194,123,140.93620807652613,0.0,76.20704391605508,124.32756991429153,0.07609022556390976,0.0,0.04,0.07044247787610619,0,0.0,,4,0,26,14,False,n,2FQ2014,0.75,2,11,0.125,11,13,2,5,12,11,3,3,,0.375,,0,26,14,False,n,2FQ2014,2424,1,0,0,1,-1466169202784,0,3025,-1466169205809,3176.764872101981,0,26,14,False,n,2FQ2014
157,0,272.65,195.39,0.0,11.41,183.98,0.0,0.0583960284559087,0.9416039715440914,0.18626310772163965,0.0,0.16070422535211268,0.18811860940695296,1049,0,71,3.8474234366403817,978,111.6035773238941,0.0,149.94070530723545,100.63671301971976,0.07372137404580154,0.0,0.07257142857142858,0.07362380446333688,0,0.0,,13,3,27,14,False,n,2FQ2014,0.125,6,7,0.125,12,11,8,9,12,11,3,3,0.125,0.375,0.375,3,27,14,False,n,2FQ2014,9424,1,0,0,1,273700,0,25367,248333,6540.588024249566,3,27,14,False,n,2FQ2014
158,2,89.33,74.16,1.88,3.45,68.83,0.02535059331175836,0.046521035598705504,0.9281283710895362,0.2658064516129032,0.47,0.34500000000000003,0.25973584905660374,279,4,10,3.1232508675696855,265,138.03873374200344,0.0,96.05813466526597,124.01119955674987,0.054568345323741003,0.0,0.035,0.05236220472440945,4,1.0,437.16759060457747,5,0,66,17,False,e,5MS17,0.5,1,3,0.75,1,1,4,1,17,1,7,4,,0.125,,0,66,17,False,e,5MS17,1967,1,0,0,1,90405,0,411,89994,4986.665466194726,0,66,17,False,e,5MS17
159,9,295.17,233.06,8.97,29.84,194.25,0.038487943018965076,0.12803569896164077,0.8334763580193941,0.215,0.34500000000000003,0.24866666666666667,0.20708955223880596,1084,26,120,3.672459938340617,938,141.67826593485617,63.930827883642046,133.4406366389771,124.66514559392752,0.05734995383194829,0.07545454545454545,0.06740259740259741,0.04918435754189945,15,0.75,507.37538968657583,11,2,67,17,False,e,5MS17,0.875,1,3,0.75,1,1,6,1,17,1,7,4,0.75,0.125,0.125,2,67,17,False,e,5MS17,6430,1,0,0,1,296110,0,95020,201090,6870.478092206399,2,67,17,False,e,5MS17
160,4,12.25,10.44,3.4,5.44,1.6,0.3256704980842912,0.521072796934866,0.15325670498084293,0.3070588235294118,0.3090909090909091,0.3022222222222222,0.32,34,11,18,2.7755102040816326,5,187.74282595364846,90.58056972131163,72.06826438839268,159.962045026227,0.05484848484848485,0.0425,0.035454545454545454,0.06,7,1.75,494.20874992994766,3,0,64,17,False,c,5MS17,0.5,1,3,0.625,1,1,1,1,11,11,16,2,,0.5,,0,64,17,False,c,5MS17,819,1,0,0,1,12551,0,1236,11315,3432.552310772854,0,64,17,False,c,5MS17
161,11,355.22,283.87,14.77,25.08,244.02,0.05203085919611089,0.08835030119420861,0.8596188396096806,0.21669465648854963,0.2954,0.24588235294117644,0.2107253886010363,1310,50,102,3.6878554135465342,1158,134.6607087592726,76.66078476749836,80.89692080040302,129.00192929050306,0.05450725744843391,0.05,0.04701492537313433,0.05276746242263484,22,1.1,586.031264708736,11,1,65,17,False,c,5MS17,0.875,1,4,0.625,1,1,5,1,11,11,16,2,0.625,0.5,0.5,1,65,17,False,c,5MS17,9544,3,0,1,2,355645,312,16675,338658,11325.010067316496,1,65,17,False,c,5MS17
162,7,91.96,75.53,11.52,13.66,50.35,0.15252217661856216,0.18085528928902422,0.6666225340924136,0.2569047619047619,0.28097560975609753,0.2577358490566038,0.25175000000000003,294,41,53,3.1970421922575034,200,138.87427752559012,110.65206902504703,138.2904917848753,108.69067548965347,0.05607508532423208,0.0437037037037037,0.04551724137931035,0.04860335195530726,19,4.75,383.41135728724964,4,0,62,17,False,s,5MS17,0.5,1,1,0.125,1,1,1,1,1,20,20,1,,0.25,,0,62,17,False,s,5MS17,4014,1,0,0,1,92391,1015,89268,2108,5755.878917185244,0,62,17,False,s,5MS17
163,18,307.52,238.54,20.45,28.06,190.03,0.08572985662781923,0.11763226293284144,0.7966378804393394,0.19649093904448106,0.24058823529411763,0.18832214765100672,0.19390816326530613,1214,85,149,3.9477107180020816,980,146.39260666266728,104.1511263514048,107.84924672041409,141.192957731607,0.05686727122835944,0.054615384615384614,0.07298969072164949,0.05114406779661017,39,1.95,414.75162808875,9,4,63,17,False,s,5MS17,0.5,2,3,0.125,1,1,2,1,1,20,20,1,0.125,0.25,0.25,4,63,17,False,s,5MS17,16709,3,0,1,2,307615,2323,292738,12554,11652.518684304217,4,63,17,False,s,5MS17
164,0,117.28,90.92,0.0,14.3,76.62,0.0,0.15728112626484822,0.8427188737351519,0.21443396226415096,0.0,0.23833333333333334,0.21049450549450552,424,0,60,3.6152796725784446,364,183.91852506478628,0.0,469.4846475191371,135.96935453033998,0.062316784869976355,0.0,0.1072340425531915,0.050028571428571436,0,0.0,,5,0,60,17,False,n,5MS17,0.5,11,6,0.25,1,1,11,11,1,20,20,3,,0.375,,0,60,17,False,n,5MS17,2394,4,0,2,2,122317,0,89287,33030,7162.406495046642,0,60,17,False,n,5MS17
165,0,242.82,191.07,0.0,18.71,172.36,0.0,0.09792222745590622,0.9020777725440939,0.19437436419125126,0.0,0.2033695652173913,0.19344556677890012,983,0,92,4.048266205419653,891,129.20081218043308,0.0,108.51600121514522,127.80675747308594,0.05269857433808554,0.0,0.05551020408163266,0.051120283018867924,0,0.0,,12,3,61,17,False,n,5MS17,0.875,1,5,0.25,1,1,1,6,1,20,20,3,0.25,0.375,0.375,3,61,17,False,n,5MS17,8598,3,0,1,2,-1467979179069,0,-1467979226399,47330,7053.74607675173,3,61,17,False,n,5MS17
166,0,86.06,67.58,0.0,0.72,66.86,0.0,0.010654039656703166,0.9893459603432968,0.1806951871657754,0.0,0.144,0.18119241192411925,374,0,5,4.345805252149663,369,131.98986767196027,0.0,83.13265875313299,130.71077040865111,0.049544235924932976,0.0,0.04,0.04956043956043956,0,0.0,,4,0,46,16,False,e,2FS2116,0.5,7,5,0.125,5,4,8,4,9,8,14,2,,0.375,,0,46,16,False,e,2FS2116,1348,1,0,0,1,88074,0,580,87494,1716.4741190181908,0,46,16,False,e,2FS2116
167,17,541.27,421.04,25.35,26.99,368.7,0.06020805624168725,0.06410317309519285,0.8756887706631198,0.1925194330132602,0.26968085106382983,0.19007042253521125,0.18898001025115324,2187,94,142,4.040497348827757,1951,118.9809262697497,64.55183887461641,72.87668547001775,111.66058841038705,0.055,0.036333333333333336,0.0398936170212766,0.048429621848739494,37,1.85,524.5276576339172,9,4,47,16,False,e,2FS2116,0.5,7,4,0.125,6,9,10,4,9,8,14,2,0.125,0.375,0.375,4,47,16,False,e,2FS2116,20729,1,0,0,1,541126,262,538940,1924,6432.24658856511,4,47,16,False,e,2FS2116
168,7,123.54,92.84,5.1,9.5,78.24,0.05493321844032744,0.10232658336923739,0.8427401981904351,0.17992248062015503,0.26842105263157895,0.19,0.17503355704697984,516,19,50,4.176784847013113,447,163.7204646061922,106.79835682898322,135.12564394711063,142.16673083047968,0.059611650485436894,0.043,0.0996153846153846,0.05052256532066508,12,3.0,520.9008819019014,5,0,42,16,False,c,2FS2116,0.5,7,4,0.5,9,6,7,3,11,8,11,4,,0.25,,0,42,16,False,c,2FS2116,3458,0,0,0,0,126194,0,9491,116703,13461.796826328931,0,42,16,False,c,2FS2116
169,14,357.43,270.97,16.3,13.04,241.63,0.060154260619256744,0.04812340849540539,0.8917223308853377,0.1782697368421053,0.2263888888888889,0.18628571428571428,0.17534833091436863,1520,72,70,4.2525809249363515,1378,137.60747128142918,67.9127457810151,78.51730284108916,125.54042268241282,0.05691902567478604,0.036382978723404256,0.04439024390243903,0.04928304705003734,27,1.35,556.7856825737534,13,3,43,16,False,c,2FS2116,0.75,7,6,0.5,7,9,9,5,11,8,11,4,0.5,0.25,0.25,3,43,16,False,c,2FS2116,9348,1,0,0,1,358100,0,337670,20430,7817.989405140693,3,43,16,False,c,2FS2116
170,6,114.17,88.88,3.19,8.41,77.28,0.035891089108910895,0.09462196219621963,0.8694869486948695,0.17393346379647748,0.21266666666666667,0.18688888888888888,0.17135254988913526,511,15,45,4.475781729000613,451,130.3067591635561,98.93659660872548,115.14624890186911,124.74546983368839,0.04958823529411765,0.038,0.0434375,0.049157175398633256,9,2.25,259.7356321950109,4,0,44,16,False,s,2FS2116,0.5,5,6,0.375,4,6,8,4,6,12,12,3,,0.5,,0,44,16,False,s,2FS2116,7439,1,0,0,1,-1466436297925,3810,109888,-1466436411623,4536.063778714473,0,44,16,False,s,2FS2116
171,18,528.73,418.06,19.7,45.72,352.64,0.04712242261876286,0.10936229249390039,0.8435152848873367,0.1920349104271934,0.20309278350515464,0.2208695652173913,0.18827549386011744,2177,97,207,4.117413424621262,1873,114.80406819397588,89.16159898102717,93.2621896187085,109.0877887756508,0.050859375,0.04245901639344262,0.05770700636942676,0.0486173108328797,41,2.05,355.4731745535195,10,2,45,16,False,s,2FS2116,1.0,8,6,0.375,6,9,9,5,6,12,12,3,0.375,0.5,0.5,2,45,16,False,s,2FS2116,20314,3,0,3,0,529421,0,528997,424,10250.935788310213,2,45,16,False,s,2FS2116
172,0,32.23,25.21,0.0,0.0,25.21,0.0,0.0,1.0,0.18136690647482015,0.0,0.0,0.18136690647482015,139,0,0,4.312752094322061,139,153.20980025233163,0.0,0.0,153.20980025233163,0.0508695652173913,0.0,0.0,0.0508695652173913,0,0.0,,4,0,48,16,False,n,2FS2116,0.5,4,3,0.5,3,4,4,3,7,13,12,1,,0.125,,0,48,16,False,n,2FS2116,2102,1,0,0,1,33584,0,30248,3336,3233.146791477905,0,48,16,False,n,2FS2116
173,0,467.17,375.45,0.0,20.59,354.86,0.0,0.05484085763750167,0.9451591423624984,0.19615987460815046,0.0,0.18718181818181817,0.19670731707317074,1914,0,110,4.0970096538733225,1804,109.29461768745193,0.0,92.14174789492971,108.34471146832448,0.04794563512807109,0.0,0.04183098591549296,0.04805555555555555,0,0.0,,11,1,49,16,False,n,2FS2116,0.625,7,6,0.5,5,8,10,5,7,13,12,1,0.5,0.125,0.125,1,49,16,False,n,2FS2116,10156,1,0,1,0,467667,0,466474,1193,7022.71388614196,1,49,16,False,n,2FS2116
174,5,71.34,55.884,4.068,4.536,47.28,0.0727936439768091,0.08116813399184024,0.8460382220313507,0.1887972972972973,0.17686956521739128,0.20618181818181816,0.18836653386454183,296,23,22,4.149144939725259,251,122.01859732461125,61.47974358830128,67.02667161295173,113.44289533020468,0.05239322033898305,0.04371428571428571,0.036,0.052066945606694566,10,2.5,403.50368348949735,4,0,143,19,False,e,18MDM19,0.5,1,1,0.625,1,19,1,1,17,2,12,4,,0.5,,0,143,19,False,e,18MDM19,2477,2,0,0,2,72360,0,6616,65744,2878.784410424882,0,143,19,False,e,18MDM19
175,18,423.648,324.624,21.552,20.592,282.48,0.06639065503474789,0.06343338754990388,0.8701759574153483,0.19106768687463216,0.21338613861386138,0.19426415094339622,0.18932975871313673,1699,101,106,4.010404864415741,1492,103.73334486225538,49.57935163508892,73.45658228965135,93.23559116955434,0.058318021201413425,0.044135593220338984,0.06375,0.05119228118538939,44,2.2,497.5680201475569,11,2,144,19,False,e,18MDM19,0.875,4,2,0.625,3,18,5,3,17,2,12,4,0.625,0.5,0.5,2,144,19,False,e,18MDM19,9578,2,0,0,2,423964,0,363702,60262,5977.043285383317,2,144,19,False,e,18MDM19
176,5,65.172,51.06,0.948,2.652,47.46,0.018566392479435957,0.05193889541715629,0.9294947121034077,0.1856727272727273,0.158,0.18942857142857145,0.18611764705882353,275,6,14,4.2196035107101215,255,118.13947386806993,111.29117877165486,127.77720380937144,105.84830840745724,0.051503649635036494,0.042,0.057,0.0488780487804878,5,1.25,320.5689979044652,4,0,145,19,False,c,18MDM19,0.5,2,2,0.375,1,19,2,1,5,5,16,1,,0.125,,0,145,19,False,c,18MDM19,1269,4,0,2,2,65977,0,5666,60311,4557.257245803327,0,145,19,False,c,18MDM19
177,20,483.132,367.392,58.248,35.832,273.312,0.15854455186830416,0.09753070290044422,0.7439247452312516,0.1998868335146899,0.25435807860262005,0.19906666666666667,0.19126102169349196,1838,229,180,3.804343326461505,1429,108.98434104655473,62.53206968823268,60.70394452802929,96.68634967263588,0.06300489929232445,0.05139884393063583,0.04076190476190476,0.05095601173020528,58,2.9,446.6640835699862,13,3,146,19,False,c,18MDM19,0.625,2,1,0.375,2,19,2,2,5,5,16,1,0.375,0.125,0.125,3,146,19,False,c,18MDM19,8706,3,0,1,2,483912,0,16391,467521,9675.02592985908,3,146,19,False,c,18MDM19
178,7,121.704,91.956,7.884,17.472,66.6,0.08573665666188177,0.19000391491582933,0.7242594284222889,0.16719272727272727,0.18771428571428572,0.17472000000000001,0.16323529411764703,550,42,100,4.5191612436731745,408,128.8392393349501,111.65381818085353,169.21882940918422,111.51256594627617,0.05418579234972678,0.05828571428571429,0.05858823529411765,0.05201044386422977,24,6.0,336.92420200307583,4,0,139,19,False,s,18MDM19,0.5,3,1,0.5,1,19,2,1,1,16,13,2,,0.25,,0,139,19,False,s,18MDM19,7074,1,1,0,0,-1474283500487,-1474283596807,95174,1146,5383.016130344523,0,139,19,False,s,18MDM19
179,16,428.34,310.932,19.908,29.64,261.384,0.06402686117864999,0.09532630928949094,0.8406468295318591,0.1805644599303136,0.23421176470588237,0.1785542168674699,0.17769136641740313,1722,85,166,4.020170892281833,1471,104.53250256905474,118.92376398184581,103.3729070463135,94.74537620370685,0.06822080185938408,0.047234042553191496,0.28055555555555556,0.05205052631578947,47,2.35,341.87015786727875,8,4,140,19,False,s,18MDM19,0.625,4,1,0.5,2,19,4,1,1,16,13,2,0.5,0.25,0.25,4,140,19,False,s,18MDM19,26126,2,0,1,1,429863,3776,422398,3689,11465.50543544854,4,140,19,False,s,18MDM19
180,0,62.028,46.2,0.0,1.032,45.168,0.0,0.022337662337662337,0.9776623376623376,0.16041666666666668,0.0,0.11466666666666667,0.16189247311827956,288,0,9,4.643064422518862,279,118.32004861565872,0.0,58.65916393507631,111.26756864523709,0.05514982578397212,0.0,0.042,0.0541549815498155,0,0.0,,4,0,141,19,False,n,18MDM19,0.5,1,1,0.5,1,19,1,1,1,19,8,3,,0.375,,0,141,19,False,n,18MDM19,2482,1,0,0,1,61013,0,51753,9260,3077.57199395171,0,141,19,False,n,18MDM19
181,0,344.916,272.868,0.0,19.932,252.936,0.0,0.0730463081050178,0.9269536918949822,0.1917554462403373,0.0,0.19734653465346533,0.1913282904689864,1423,0,101,4.125642185343678,1322,91.94970591283628,0.0,68.77351567633404,90.42632875060741,0.050666666666666665,0.0,0.05163636363636363,0.0501741835147745,0,0.0,,12,1,142,19,False,n,18MDM19,0.625,3,2,0.5,1,19,3,1,1,19,8,3,0.5,0.375,0.375,1,142,19,False,n,18MDM19,10136,2,0,1,1,347439,0,344438,3001,5729.5843211966585,1,142,19,False,n,18MDM19
182,4,161.76,125.652,2.292,12.888,110.472,0.018240855696686084,0.10256900009550186,0.879190144207812,0.23574484052532832,0.25466666666666665,0.22610526315789473,0.23655674518201283,533,9,57,3.2950049455984174,467,129.18771781598235,44.385111978784614,99.62055726456542,117.02034372340145,0.06787218045112782,0.03,0.054375,0.06745945945945947,7,1.75,577.7824260122685,5,0,182,18,False,e,18F,0.5,6,9,0.375,17,15,8,4,11,14,11,2,,0.375,,0,182,18,False,e,18F,47861,0,0,0,0,161342,0,1025,160317,3613.6977343493345,0,182,18,False,e,18F
183,17,532.644,395.772,19.152,50.316,326.304,0.04839149813529002,0.12713380431157334,0.8244746975531366,0.21416233766233767,0.2736,0.2396,0.20810204081632652,1848,70,210,3.469484308468696,1568,118.43000475425262,76.60390480217309,88.00199102238108,108.35494952793397,0.07410503519220359,0.06325,0.060864864864864865,0.07248130523453433,27,1.35,535.8332783147874,11,2,183,18,False,e,18F,0.25,11,10,0.375,12,10,7,6,11,14,11,2,0.375,0.375,0.375,2,183,18,False,e,18F,233146,0,0,0,0,533334,0,75793,457541,6525.969124610006,2,183,18,False,e,18F
184,3,233.568,169.812,3.18,19.236,147.396,0.018726591760299626,0.11327821355381244,0.8679951946858878,0.2136,0.265,0.22110344827586206,0.2117758620689655,795,12,87,3.403719687628442,696,129.16987951050183,49.7339069738012,104.65145320612497,118.37119935035246,0.08029722921914358,0.056,0.07047272727272727,0.07542081447963801,6,1.5,547.9245883694844,5,0,184,18,False,c,18F,0.5,5,7,0.25,16,14,4,3,6,8,14,1,,0.125,,0,184,18,False,c,18F,8969,0,0,0,0,233990,0,72016,161974,6666.265802742113,0,184,18,False,c,18F
185,20,692.04,500.676,44.076,84.432,372.168,0.0880329794118352,0.1686360041224265,0.7433310164657384,0.21959473684210526,0.3018904109589041,0.22881300813008132,0.2108600566572238,2280,146,369,3.294607248135946,1765,126.51673891090252,70.9069878181407,93.17739040588103,106.43603022439805,0.08396840719613866,0.05624242424242424,0.07677669902912622,0.07485820895522388,57,2.85,552.3736785681327,12,1,185,18,False,c,18F,0.5,7,5,0.25,8,15,4,2,6,8,14,1,0.25,0.125,0.125,1,185,18,False,c,18F,29398,0,0,0,0,691973,0,112504,579469,22117.91618104679,1,185,18,False,c,18F
186,9,250.752,195.348,11.928,12.324,171.096,0.0610602616868358,0.06308741323177099,0.8758523250813932,0.23200475059382425,0.2293846153846154,0.237,0.23183739837398373,842,52,52,3.357899438489025,738,116.76596006387986,73.6162465513431,125.60767767467945,102.01641790298392,0.06587871581450655,0.057375,0.084,0.06336067892503536,23,5.75,411.38723201983845,4,0,180,18,False,s,18F,0.5,9,13,0.25,11,8,10,9,15,15,4,3,,0.5,,0,180,18,False,s,18F,3367,1,1,0,0,254157,6003,246914,1240,6936.743127534491,0,180,18,False,s,18F
187,20,651.552,504.684,34.824,105.252,364.608,0.06900159307606343,0.20855030078227166,0.7224481061416649,0.22621425369789333,0.23062251655629137,0.23866666666666667,0.22245759609517998,2231,151,441,3.4241319188644956,1639,115.2623168260009,106.17014791259452,108.43705779891604,94.73756967543737,0.06586008968609865,0.05094117647058823,0.06714018691588786,0.06269689119170985,61,3.05,605.157922281215,9,4,181,18,False,s,18F,0.125,13,13,0.25,12,7,9,12,15,15,4,3,0.25,0.5,0.5,4,181,18,False,s,18F,26516,5,1,1,3,653189,15651,625098,12440,29704.06443419214,4,181,18,False,s,18F
188,0,313.26,235.644,0.0,39.216,196.428,0.0,0.1664205326679228,0.8335794673320772,0.22506590257879658,0.0,0.22281818181818183,0.22552009184845007,1047,0,176,3.3422715954797932,871,97.20086867791407,0.0,80.92462395277907,90.16185056818263,0.07420267686424474,0.0,0.06231578947368421,0.06916336633663367,0,0.0,,5,0,178,18,False,n,18F,0.0,15,16,0.5,12,7,17,11,20,18,1,4,,0.25,,0,178,18,False,n,18F,2543,4,0,1,3,314535,0,270792,43743,4769.7389493373375,0,178,18,False,n,18F
189,0,654.732,514.308,0.0,51.72,462.588,0.0,0.10056230896661145,0.8994376910333887,0.24351704545454544,0.0,0.25603960396039604,0.24219267015706808,2112,0,202,3.2257473286779934,1910,98.1419240620634,0.0,168.67765721880485,88.02692293921464,0.06652013263855992,0.0,0.08784615384615385,0.06541848739495798,0,0.0,,13,3,179,18,False,n,18F,0.375,19,20,0.5,12,3,17,21,20,18,1,4,0.5,0.25,0.25,3,179,18,False,n,18F,9845,2,0,1,1,654882,0,532282,122600,10628.52798214736,3,179,18,False,n,18F
