,M10,M11,M12,M12m,M12o,M12t,M13m,M13o,M13t,M3,M3m,M3o,M3t,M4,M4m,M4o,M4perSec,M4t,M5,M5m,M5o,M5t,M6,M6m,M6o,M6t,M7,M8,M9,V10t,country,experimentNumber,orderNumber,training,type,userId
0,0,47.832,35.136,0.0,7.356,27.78,0.0,0.209357923497,0.790642076503,0.276661417323,0.0,0.45975,0.25027027027,127,0,16,2.6551262753,111,195.866299839,0.0,181.118748343,177.044839553,0.100761904762,0.0,0.051,0.103647058824,0,0.0,,4,0,125,24,False,e,15FM24
1,12,280.572,217.356,15.936,22.044,179.376,0.0733175067631,0.101418870425,0.825263622812,0.202568499534,0.227657142857,0.198594594595,0.201094170404,1073,70,111,3.82433029668,892,157.54247822,102.111411745,88.3109091333,151.510704323,0.0589701492537,0.04992,0.054,0.0574224343675,21,1.05,541.613186818,13,3,126,24,False,e,15FM24
2,5,120.252,91.824,1.908,14.7,75.216,0.0207788813382,0.160088865656,0.819132253006,0.216056470588,0.1908,0.294,0.206071232877,425,10,50,3.53424475269,365,203.608381658,43.7929139217,266.760397485,178.983519057,0.0670471698113,0.03,0.07056,0.0643571428571,8,2.0,627.670006669,4,0,123,24,False,c,15FM24
3,13,286.536,220.632,9.408,22.944,188.28,0.0426411399978,0.103992167954,0.853366692048,0.199666968326,0.218790697674,0.222757281553,0.196329509906,1105,43,103,3.85640896781,959,164.08105929,95.7229741219,113.842405573,152.27642319,0.0596956521739,0.0459130434783,0.0522,0.0573930131004,22,1.1,575.071324281,9,4,124,24,False,c,15FM24
4,7,23.652,18.996,6.66,7.968,4.368,0.350600126342,0.419456727732,0.229943145925,0.23745,0.256153846154,0.215351351351,0.256941176471,80,26,37,3.3823778116,17,215.28208375,110.765804788,132.050340676,240.901809199,0.0589367088608,0.0516923076923,0.0512727272727,0.0564,13,3.25,523.865324978,4,0,129,24,False,s,15FM24
5,19,327.636,245.184,19.116,39.06,187.008,0.077965935787,0.159308927173,0.76272513704,0.211365517241,0.2655,0.215801104972,0.206183020948,1160,72,181,3.54051447338,907,166.017369029,116.50224148,138.238493035,154.943233442,0.0711406384814,0.066375,0.107373913043,0.0603649122807,44,2.2,367.932504896,12,1,130,24,False,s,15FM24
6,0,17.436,14.208,0.0,1.452,12.756,0.0,0.102195945946,0.897804054054,0.225523809524,0.0,0.207428571429,0.227785714286,63,0,7,3.61321403992,56,173.781138405,0.0,75.0881774654,179.535865929,0.052064516129,0.0,0.042,0.05184,0,0.0,,4,0,127,24,False,n,15FM24
7,0,263.472,205.752,0.0,13.236,192.516,0.0,0.0643298728566,0.935670127143,0.208462006079,0.0,0.210095238095,0.208350649351,987,0,63,3.74612862088,924,154.459432577,0.0,102.157191275,153.228544827,0.0585395537525,0.0,0.0418064516129,0.058531986532,0,0.0,,10,2,128,24,False,n,15FM24
8,2,14.364,11.496,0.804,1.584,9.108,0.0699373695198,0.137787056367,0.792275574113,0.273714285714,0.268,0.3168,0.267882352941,42,3,5,2.92397660819,34,251.643425886,0.0,42.6037102912,174.257331713,0.0699512195122,0.0,0.036,0.0666666666667,3,0.75,516.187590961,4,0,161,20,False,e,21MDC20
9,15,500.352,405.204,9.696,43.524,351.984,0.0239286877721,0.107412562561,0.868658749667,0.240477151335,0.230857142857,0.2418,0.240590567327,1685,42,180,3.36762918905,1463,129.870702401,84.9059140746,116.555926129,116.906179572,0.0565011876485,0.0462857142857,0.0498842975207,0.0555542938254,24,1.2,531.966726505,10,2,162,20,False,e,21MDC20
10,5,54.432,43.668,3.12,5.988,34.56,0.071448200055,0.137125583952,0.791426215993,0.234774193548,0.24,0.2495,0.231946308725,186,13,24,3.41710758377,149,183.338434844,56.2237843359,54.0783947059,145.849923328,0.0581837837838,0.039,0.0852,0.0503649635036,9,2.25,447.930025313,4,0,159,20,False,c,21MDC20
11,8,433.74,328.992,7.752,13.104,308.136,0.023562882988,0.0398307557631,0.936606361249,0.225336986301,0.234909090909,0.195582089552,0.226570588235,1460,33,67,3.36607184027,1360,129.197198346,78.9168511531,76.7336932955,117.082869451,0.0717943797121,0.0378,0.039,0.0664650455927,13,0.65,453.62201338,12,3,160,20,False,c,21MDC20
12,2,98.7,78.78,1.08,7.98,69.72,0.013709063214,0.101294744859,0.884996191927,0.232389380531,0.216,0.257419354839,0.230099009901,339,5,31,3.43465045593,303,185.588428196,107.116847787,638.188718935,140.069184094,0.0589349112426,0.048,0.0788571428571,0.0553006993007,3,0.75,1086.64588345,4,0,155,20,False,s,21MDC20
13,11,379.812,307.656,2.736,13.212,291.708,0.00889304937983,0.0429440674,0.94816288322,0.223587209302,0.1824,0.200181818182,0.225257142857,1376,15,66,3.62284498647,1295,138.802393689,234.381425029,243.268796503,123.037044642,0.0524770909091,0.0685714285714,0.0577297297297,0.0513596214511,12,0.6,523.684317667,8,4,156,20,False,s,21MDC20
14,0,77.88,61.884,0.0,4.128,57.756,0.0,0.0667054489044,0.933294551096,0.226681318681,0.0,0.258,0.22473151751,273,0,16,3.50539291217,257,168.662163143,0.0,319.332162321,142.399407724,0.0588088235294,0.0,0.054,0.0575222672065,0,0.0,,4,0,157,20,False,n,21MDC20
15,0,418.86,334.464,0.0,3.888,330.576,0.0,0.0116245694604,0.98837543054,0.228928131417,0.0,0.204631578947,0.229248266297,1461,0,19,3.4880389629,1442,125.281150344,0.0,302.862387898,119.610996086,0.0578054794521,0.0,0.052,0.0575831578947,0,0.0,,11,1,158,20,False,n,21MDC20
16,2,59.25,44.11,0.41,1.55,42.15,0.00929494445704,0.0351394241669,0.955565631376,0.190952380952,0.205,0.19375,0.1907239819,231,2,8,3.89873417722,221,151.702424594,0.0,75.3598154117,143.082192504,0.0658260869565,0.0,0.0433333333333,0.065023255814,2,0.5,262.335881451,5,0,40,21,False,e,3MW2421
17,13,261.74,200.78,12.2,17.74,170.84,0.0607630242056,0.0883554138858,0.850881561909,0.205506653019,0.29756097561,0.199325842697,0.201700118064,977,41,89,3.73271185146,847,140.844687958,66.0765626006,84.3624035042,132.50096252,0.0624590163934,0.0377272727273,0.0422413793103,0.0577463054187,19,0.95,396.957872864,13,3,41,21,False,e,3MW2421
18,3,118.3,69.74,1.02,7.45,61.27,0.0146257527961,0.106825351305,0.878548895899,0.159588100686,0.0728571428571,0.140566037736,0.165594594595,437,14,53,3.69399830938,370,159.628599468,75.6818129385,159.375276895,138.203123831,0.111376146789,0.2125,0.129655172414,0.0844476744186,11,2.75,410.256611545,5,0,34,21,False,c,3MW2421
19,12,296.36,235.68,7.15,13.23,215.3,0.0303377460964,0.0561354378819,0.913526816022,0.209493333333,0.2234375,0.213387096774,0.208826382153,1125,32,62,3.79605884735,1031,150.408685057,56.6202625721,101.600044069,140.180090403,0.0539857651246,0.0372727272727,0.0430303030303,0.0512951807229,21,1.05,404.187779455,9,4,35,21,False,c,3MW2421
20,6,40.77,31.49,4.07,6.27,21.15,0.129247380121,0.199110828835,0.671641791045,0.203161290323,0.2035,0.19,0.207352941176,155,20,33,3.80181506009,102,147.762316978,209.40039588,131.443207086,129.522464307,0.0602597402597,0.057,0.0573684210526,0.0632978723404,12,3.0,364.798499081,4,0,38,21,False,s,3MW2421
21,16,352.33,275.67,7.23,30.63,237.81,0.0262270105561,0.111111111111,0.862661878333,0.217576953433,0.212647058824,0.225220588235,0.21678213309,1267,34,136,3.59606051145,1097,132.717455913,145.32317491,119.15304239,123.795337881,0.0605529225908,0.0530769230769,0.0691860465116,0.0563152896486,25,1.25,380.567872221,11,1,39,21,False,s,3MW2421
22,0,37.37,29.37,0.0,1.4,27.97,0.0,0.0476676881171,0.952332311883,0.202551724138,0.0,0.28,0.199785714286,145,0,5,3.8801177415,140,155.672614323,0.0,68.1253052832,151.712242161,0.0555555555556,0.0,0.04,0.0555555555556,0,0.0,,4,0,36,21,False,n,3MW2421
23,0,320.74,260.42,0.0,4.36,256.06,0.0,0.0167421857,0.9832578143,0.220694915254,0.0,0.218,0.22074137931,1180,0,20,3.67899233024,1160,128.758147969,0.0,145.388280599,127.60427823,0.0511620016964,0.0,0.05,0.0508041958042,0,0.0,,11,2,37,21,False,n,3MW2421
24,5,101.688,84.348,3.732,13.572,67.044,0.0442452695974,0.160904822877,0.794849907526,0.298049469965,0.3732,0.308454545455,0.292768558952,283,10,44,2.78302257887,229,177.946577466,131.438722451,184.411434957,149.262791191,0.0614893617021,0.12,0.07296,0.0542884615385,7,1.75,548.600444385,4,0,198,22,False,e,22F
25,16,887.88,707.34,54.708,76.764,575.868,0.0773432861142,0.10852489609,0.814131817796,0.238241832267,0.333585365854,0.304619047619,0.225565217391,2969,164,252,3.3439203496,2553,119.462811086,85.2229727273,80.1104471746,109.926592247,0.0608288409704,0.054976744186,0.0461470588235,0.0503466447098,35,1.75,466.948289064,13,3,199,22,False,e,22F
26,4,213.66,169.62,3.552,14.076,151.992,0.0209409267775,0.0829854969933,0.896073576229,0.208891625616,0.2368,0.276,0.203742627346,812,15,51,3.80043059066,746,128.327149723,81.2346358042,160.416008985,116.952236746,0.0543033292232,0.0384,0.113142857143,0.0505464632455,10,2.5,435.476321578,4,0,194,22,False,c,22F
27,21,817.32,658.692,48.912,50.688,559.092,0.074256253302,0.0769525058753,0.848791240823,0.219930550918,0.315561290323,0.242526315789,0.212501710376,2995,155,209,3.66441540645,2631,122.325161595,71.4705913171,76.437362353,109.291484593,0.0529819639279,0.0749387755102,0.0462260869565,0.0491003134796,68,3.4,541.853742795,9,4,195,22,False,c,22F
28,5,20.748,17.136,1.992,5.436,9.708,0.116246498599,0.317226890756,0.566526610644,0.238,0.221333333333,0.201333333333,0.269666666667,72,9,27,3.47021399653,36,184.382881589,121.437576962,215.885079693,114.97142033,0.0508732394366,0.04,0.0552,0.0447692307692,6,1.5,417.738457969,4,0,200,22,False,s,22F
29,19,609.348,493.332,37.656,50.892,404.784,0.0763299360269,0.10315973827,0.820510325704,0.223025316456,0.283127819549,0.241194312796,0.21669379015,2212,133,211,3.63010955973,1868,124.873693706,112.587028538,148.633875418,107.782257647,0.0524721845319,0.0468131868132,0.0766567164179,0.0475125208681,52,2.6,407.613989889,12,1,201,22,False,s,22F
30,0,146.184,120.84,0.0,3.216,117.624,0.0,0.0266137040715,0.973386295929,0.231938579655,0.0,0.2144,0.232458498024,521,0,15,3.56400153232,506,121.932679399,0.0,68.0873160024,119.08490464,0.0487384615385,0.0,0.0408,0.0478545454545,0,0.0,,4,0,196,22,False,n,22F
31,0,778.728,624.828,0.0,19.74,605.088,0.0,0.0315926943095,0.968407305691,0.224758273381,0.0,0.243703703704,0.224189699889,2780,0,81,3.56992428679,2699,117.790214943,0.0,107.569994587,115.678829321,0.0553796329615,0.0,0.0578571428571,0.0547599243856,0,0.0,,11,2,197,22,False,n,22F
32,4,52.344,41.904,2.352,9.108,30.444,0.0561282932417,0.21735395189,0.726517754868,0.329952755906,0.196,0.325285714286,0.349931034483,127,12,28,2.42625706862,87,203.491949473,112.849520219,169.075103411,137.483586157,0.0828571428571,0.0408,0.058,0.0547397260274,9,2.25,442.898178224,5,0,115,23,False,e,14JG23
33,14,362.364,271.26,17.76,24.36,229.14,0.0654722406547,0.089803140898,0.844724618447,0.195151079137,0.227692307692,0.232,0.189842584921,1390,78,105,3.8359218907,1207,143.762590215,75.912585766,109.237685508,131.349963076,0.0655896328294,0.0670188679245,0.0504347826087,0.059250641574,25,1.25,454.626291439,12,3,116,23,False,e,14JG23
34,8,69.3,54.672,6.312,10.98,37.38,0.11545215101,0.200834064969,0.683713784021,0.200263736264,0.242769230769,0.215294117647,0.190714285714,273,26,51,3.93939393939,196,182.125562267,86.8782477299,131.823040718,144.836125263,0.0537794117647,0.0381818181818,0.0434482758621,0.0502372881356,18,4.5,544.489096312,4,0,121,23,False,c,14JG23
35,6,85.128,65.676,10.38,5.376,49.92,0.158048602229,0.0818563858944,0.760095011876,0.198416918429,0.247142857143,0.168,0.194241245136,331,42,32,3.88826238136,257,156.507178081,86.7907198465,159.043247235,139.618531866,0.0589454545455,0.0405517241379,0.0472,0.0501,16,0.8,463.202308581,3,4,122,23,False,c,14JG23
36,7,134.856,106.368,13.404,14.46,78.504,0.12601534296,0.135943140794,0.738041516245,0.193045372051,0.262823529412,0.200833333333,0.183420560748,551,51,72,4.08583971051,428,143.115459654,122.785535396,98.3234700959,139.048209609,0.0517963636364,0.0563076923077,0.056487804878,0.0499459459459,30,7.5,315.450416558,4,0,117,23,False,s,14JG23
37,20,369.168,288.096,41.652,35.34,211.104,0.144576807731,0.122667444185,0.732755748084,0.201324947589,0.297514285714,0.199661016949,0.189500897666,1431,140,177,3.87628396827,1114,142.449758713,92.9118545112,137.124095287,134.980817539,0.0566937062937,0.059067961165,0.0799,0.0513327120224,47,2.35,337.936583384,11,1,118,23,False,s,14JG23
38,0,94.476,75.852,0.0,1.224,74.628,0.0,0.016136687233,0.983863312767,0.21306741573,0.0,0.204,0.213222857143,356,0,6,3.76815275837,350,139.124897437,0.0,244.810091505,135.238908959,0.052461971831,0.0,0.06,0.0511395348837,0,0.0,,4,0,119,23,False,n,14JG23
39,0,334.74,268.104,0.0,18.156,249.948,0.0,0.0677199892579,0.932280010742,0.204191926885,0.0,0.221414634146,0.203044679123,1313,0,82,3.92244727251,1231,122.062958637,0.0,81.9922723248,123.053558357,0.0507896341463,0.0,0.043,0.0503277591973,0,0.0,,11,2,120,23,False,n,14JG23
40,6,223.704,163.02,5.292,34.464,123.264,0.0324622745675,0.211409642989,0.756128082444,0.222098092643,0.240545454545,0.226736842105,0.220114285714,734,22,152,3.28112148196,560,203.279531906,121.703990382,230.789849811,155.363506651,0.0827885402456,0.0445714285714,0.123673469388,0.0606810176125,16,4.0,473.0861516,4,0,0,1,False,e,1MQ2201
41,3,335.916,266.88,2.664,11.544,252.672,0.00998201438849,0.0432553956835,0.946762589928,0.218217497956,0.296,0.1776,0.219906005222,1223,9,65,3.64079115017,1149,154.578631634,68.3843151682,91.3917519343,143.100469117,0.0564942716858,0.042,0.052,0.0562635379061,5,0.25,422.517069545,12,1,1,1,False,e,1MQ2201
42,2,118.968,89.952,0.636,7.092,82.224,0.0070704375667,0.0788420490928,0.91408751334,0.212150943396,0.212,0.208588235294,0.212465116279,424,3,34,3.56398359223,387,181.022849772,0.0,185.565408716,154.732184625,0.0685957446809,0.0,0.0996,0.0543891891892,3,0.75,525.646801506,4,0,2,1,False,c,1MQ2201
43,10,424.032,339.144,6.096,29.16,303.888,0.0179746656288,0.0859811761376,0.896044158234,0.23118200409,0.468923076923,0.331363636364,0.222465592972,1467,13,88,3.45964455513,1366,148.479824439,76.065865169,90.5380033826,138.702562103,0.0579045020464,0.036,0.0482553191489,0.0537505668934,11,0.55,500.010482825,10,2,3,1,False,c,1MQ2201
44,17,425.568,336.0,45.06,42.216,248.724,0.134107142857,0.125642857143,0.74025,0.216774193548,0.292597402597,0.225754010695,0.205727047146,1550,154,187,3.64219114219,1209,147.15732709,109.080606209,121.492322279,143.211594042,0.057823111685,0.0469743589744,0.07008,0.0549793814433,50,2.5,326.121320127,13,3,4,1,False,s,1MQ2201
45,0,22.116,17.268,0.0,0.648,16.62,0.0,0.0375260597637,0.962473940236,0.200790697674,0.0,0.216,0.200240963855,86,0,3,3.888587448,83,177.598521759,0.0,40.6645065363,168.038364158,0.0570352941176,0.0,0.036,0.0552,0,0.0,,4,0,5,1,False,n,1MQ2201
46,0,417.888,319.032,0.0,10.044,308.988,0.0,0.0314827352742,0.968517264726,0.220022068966,0.0,0.228272727273,0.219763869132,1450,0,44,3.46982923654,1406,137.948972186,0.0,74.7977023435,139.518068816,0.0682236024845,0.0,0.0487058823529,0.069091436865,0,0.0,,9,4,6,1,False,n,1MQ2201
47,4,69.864,55.344,0.948,6.984,47.412,0.0171292281006,0.126192541197,0.856678230703,0.217035294118,0.158,0.194,0.222591549296,255,6,36,3.64994847132,213,192.064565234,84.8273495736,174.547591863,152.683995547,0.0571653543307,0.06,0.0515294117647,0.0496875,5,1.25,366.989269218,5,0,7,3,False,e,2ML3603
48,4,204.876,157.752,1.692,10.5,145.56,0.0107256960292,0.066560170394,0.922714133577,0.184505263158,0.2115,0.175,0.184955527319,855,8,60,4.17325601827,787,145.5618184,130.247436948,104.753144422,142.212236255,0.0551803278689,0.048,0.046875,0.0550858652576,6,0.3,473.758396201,11,1,8,3,False,e,2ML3603
49,1,43.644,35.148,0.372,2.1,32.676,0.0105838170024,0.0597473540457,0.929668828952,0.204348837209,0.186,0.175,0.206810126582,172,2,12,3.94097699569,158,160.603908939,0.0,101.187129712,159.738738232,0.0496842105263,0.0,0.0408,0.04872,2,0.5,384.424411591,4,0,11,3,False,c,2ML3603
50,9,196.8,152.448,2.448,14.604,135.396,0.0160579345088,0.0957965994962,0.888145465995,0.196200772201,0.174857142857,0.208628571429,0.195376623377,777,14,70,3.94817073171,693,153.861006338,45.947771552,73.0488775166,150.331273933,0.0571546391753,0.032,0.0406829268293,0.0563691376702,11,0.55,432.653048775,11,2,12,3,False,c,2ML3603
51,16,251.232,188.784,21.432,25.08,142.272,0.113526570048,0.132850241546,0.753623188406,0.185082352941,0.230451612903,0.20064,0.177396508728,1020,93,125,4.05999235766,802,147.335180035,91.7829769994,127.728363676,140.954059105,0.0612836113837,0.044,0.0549677419355,0.0523932729625,29,1.45,356.407515762,12,3,10,3,False,s,2ML3603
52,5,102.444,81.36,1.284,6.444,73.632,0.0157817109145,0.079203539823,0.905014749263,0.191886792453,0.1284,0.184114285714,0.194279683377,424,10,35,4.13884658936,379,148.090659932,87.6611992956,155.670008414,143.529991916,0.0498439716312,0.044,0.048,0.0495537190083,7,1.75,288.157378515,5,0,9,3,False,s,2ML3603
53,0,63.696,49.332,0.0,6.912,42.42,0.0,0.140111894916,0.859888105084,0.191953307393,0.0,0.181894736842,0.193698630137,257,0,38,4.03479025371,219,151.422485236,0.0,73.0954663685,152.778407758,0.056109375,0.0,0.048,0.0574869109948,0,0.0,,4,0,13,3,False,n,2ML3603
54,0,216.768,172.872,0.0,7.056,165.816,0.0,0.0408163265306,0.959183673469,0.197568,0.0,0.207529411765,0.197165279429,875,0,34,4.03657366401,841,148.542914496,0.0,81.6377915471,147.861668385,0.0502242562929,0.0,0.039,0.0502564102564,0,0.0,,9,4,14,3,False,n,2ML3603
55,2,223.89,157.86,0.45,13.61,143.8,0.00285062713797,0.0862156341062,0.910933738756,0.211325301205,0.15,0.226833333333,0.210233918129,747,3,60,3.33645986869,684,160.436324103,107.791168239,184.906064748,137.117275508,0.0885120643432,0.05,0.331081081081,0.0705143721634,2,0.5,406.550111256,4,0,68,2,False,e,8FC02
56,15,516.35,379.54,12.94,23.17,343.43,0.0340939031459,0.0610475839174,0.904858512937,0.205267712277,0.248846153846,0.193083333333,0.204788312463,1849,52,120,3.58090442529,1677,136.240234924,81.5726766436,88.8351818791,125.000851658,0.0740313852814,0.0464,0.0513235294118,0.0711992619926,28,1.4,524.076310758,11,1,69,2,False,e,8FC02
57,1,30.42,23.05,0.09,0.36,22.6,0.00390455531453,0.0156182212581,0.980477223427,0.192083333333,0.09,0.18,0.193162393162,120,1,2,3.94477317554,117,150.248062694,0.0,0.0,144.964141744,0.0619327731092,0.0,0.0,0.060350877193,1,0.25,484.846954239,4,0,70,2,False,c,8FC02
58,16,504.01,380.46,13.66,33.03,333.77,0.0359039057982,0.0868159596278,0.877280134574,0.212785234899,0.262692307692,0.196607142857,0.212863520408,1788,52,168,3.54754865975,1568,148.414992379,58.0013043077,108.473484154,131.899692027,0.0691382204813,0.0357894736842,0.0809900990099,0.0648301132578,33,1.65,532.717902322,10,2,71,2,False,c,8FC02
59,4,9.41,6.08,1.74,1.43,2.91,0.286184210526,0.235197368421,0.478618421053,0.225185185185,0.248571428571,0.158888888889,0.264545454545,27,7,9,2.8692879915,11,261.668864427,150.882984478,139.94660252,179.372376851,0.128076923077,0.04,0.0483333333333,0.0516666666667,5,1.25,328.370390274,4,0,74,2,False,s,8FC02
60,14,385.06,286.42,30.76,30.89,224.77,0.107394735005,0.107848613924,0.784756651072,0.210448199853,0.244126984127,0.211575342466,0.206400367309,1361,126,146,3.5345141017,1089,138.202715522,92.6082946286,118.176374241,126.711225963,0.0725294117647,0.0641935483871,0.0798058252427,0.0613403041825,39,1.95,367.846806674,12,3,75,2,False,s,8FC02
61,0,4.43,3.83,0.0,0.35,3.48,0.0,0.0913838120104,0.90861618799,0.319166666667,0.0,0.35,0.316363636364,12,0,1,2.70880361174,11,222.091811741,0.0,0.0,165.486145595,0.0545454545455,0.0,0.0,0.0488888888889,0,0.0,,3,0,72,2,False,n,8FC02
62,0,375.34,294.52,0.0,7.33,287.19,0.0,0.0248879532799,0.97511204672,0.211125448029,0.0,0.25275862069,0.210241581259,1395,0,29,3.71663025524,1366,134.608115324,0.0,43.1457771654,133.936446964,0.0579770444763,0.0,0.0377777777778,0.0573308550186,0,0.0,,8,4,73,2,False,n,8FC02
63,5,59.31,36.12,3.54,4.14,28.44,0.0980066445183,0.114617940199,0.787375415282,0.244054054054,0.208235294118,0.217894736842,0.253928571429,148,17,19,2.49536334514,112,235.764525279,122.029659464,117.67900825,164.14521276,0.157755102041,0.142857142857,0.07375,0.166736842105,13,3.25,488.720952828,4,0,52,5,False,e,5MS3205
64,1,279.99,213.26,0.11,7.23,205.92,0.000515802307043,0.0339022789084,0.965581918785,0.198381395349,0.11,0.2259375,0.197619961612,1075,1,32,3.83942283653,1042,112.773142187,0.0,97.6369709585,111.897942636,0.0621322160149,0.0,0.0481818181818,0.0621295387635,1,0.05,428.480834439,11,1,53,5,False,e,5MS3205
65,3,42.12,28.28,4.17,8.44,15.67,0.147454031117,0.298444130127,0.554101838755,0.271923076923,0.297857142857,0.324615384615,0.24484375,104,14,26,2.46913580247,64,226.125699876,59.1138503421,163.008170872,147.101215938,0.134368932039,0.11,0.0823076923077,0.106041666667,10,2.5,508.27544765,4,0,56,5,False,c,5MS3205
66,3,394.23,305.93,1.07,9.08,295.78,0.00349753211519,0.0296799921551,0.96682247573,0.211569847856,0.178333333333,0.197391304348,0.212180774749,1446,6,46,3.66790959592,1394,104.430269642,19.579421172,56.4890771407,100.729088971,0.061107266436,0.025,0.0685185185185,0.06016,4,0.2,756.647504784,11,2,57,5,False,c,5MS3205
67,6,33.11,21.56,4.08,12.64,4.84,0.189239332096,0.586270871985,0.224489795918,0.239555555556,0.291428571429,0.221754385965,0.254736842105,90,14,57,2.71821202054,19,217.84261633,228.078478454,194.181479677,183.10882313,0.129775280899,0.156,0.126136363636,0.0827272727273,13,3.25,409.707753751,4,0,58,5,False,s,5MS3205
68,16,485.46,369.57,26.26,33.42,309.89,0.0710555510458,0.0904294179722,0.838515030982,0.205545050056,0.240917431193,0.210188679245,0.20254248366,1798,109,159,3.7037037037,1530,118.814759297,96.2746554246,111.014328715,104.215091421,0.0644908180301,0.0593902439024,0.0557943925234,0.0626941255908,35,1.75,315.237188439,13,3,59,5,False,s,5MS3205
69,0,52.36,37.58,0.0,5.16,32.42,0.0,0.137307078233,0.862692921767,0.289076923077,0.0,0.286666666667,0.289464285714,130,0,18,2.48281130634,112,121.848612046,0.0,131.08974277,98.5673183398,0.114573643411,0.0,0.119,0.11427184466,0,0.0,,4,0,54,5,False,n,5MS3205
70,0,370.19,286.86,0.0,9.41,277.45,0.0,0.0328034581329,0.967196541867,0.210462215701,0.0,0.218837209302,0.210189393939,1363,0,43,3.68189308193,1320,99.7864188509,0.0,75.2054688485,100.426802015,0.0611820851689,0.0,0.0423529411765,0.0616395978345,0,0.0,,8,4,55,5,False,n,5MS3205
71,4,113.86,86.59,0.97,7.0,78.62,0.0112022173461,0.0808407437348,0.907957038919,0.202313084112,0.194,0.194444444444,0.20315245478,428,5,36,3.75900228351,387,145.332110381,32.7590930737,78.4709921642,139.763856387,0.0638641686183,0.02,0.0828571428571,0.0620994475138,4,1.0,317.466717995,4,0,76,4,False,e,9FH04
72,7,255.4,198.12,4.79,18.48,174.85,0.0241772663033,0.0932768019382,0.882545931759,0.202576687117,0.217727272727,0.198709677419,0.202607184241,978,22,93,3.82928739233,863,169.445660461,56.4728476077,101.945389364,156.361505318,0.0586284544524,0.0527272727273,0.0442105263158,0.0563387297634,11,0.55,484.547200296,12,1,77,4,False,e,9FH04
73,1,55.15,44.47,0.07,1.49,42.91,0.00157409489544,0.0335057342028,0.964920170902,0.230414507772,0.07,0.212857142857,0.231945945946,193,1,7,3.49954669084,185,157.153944799,0.0,96.5587253973,155.981849832,0.055625,0.0,0.035,0.0552247191011,1,0.25,345.346590237,4,0,82,4,False,c,9FH04
74,6,139.29,106.48,1.7,5.18,99.6,0.0159654395192,0.0486476333584,0.935386927122,0.216422764228,0.17,0.199230769231,0.218421052632,492,10,26,3.53219900926,456,152.675231086,42.1777426056,123.93521326,137.713085116,0.0668228105906,0.0866666666667,0.04625,0.0648847926267,7,0.35,640.318286911,10,2,83,4,False,c,9FH04
75,7,87.65,67.78,6.18,12.91,48.69,0.0911773384479,0.190469164945,0.718353496607,0.190929577465,0.220714285714,0.187101449275,0.188720930233,355,28,69,4.05019965773,258,168.810934006,143.791226266,133.557978787,161.710844771,0.0561299435028,0.047,0.0540909090909,0.0562083333333,21,5.25,340.674656393,4,0,78,4,False,s,9FH04
76,12,250.21,196.72,10.73,20.68,165.31,0.0545445302969,0.10512403416,0.840331435543,0.209499467519,0.218979591837,0.191481481481,0.211393861893,939,49,108,3.75284760801,782,148.798121998,136.591463515,139.73016714,131.609711813,0.0570255863539,0.0502857142857,0.0559183673469,0.0557402234637,19,0.95,404.155731369,13,3,79,4,False,s,9FH04
77,0,48.33,37.61,0.0,0.0,37.61,0.0,0.0,1.0,0.192871794872,0.0,0.0,0.192871794872,195,0,0,4.034761018,195,141.153596387,0.0,0.0,141.153596387,0.0552577319588,0.0,0.0,0.0552577319588,0,0.0,,4,0,80,4,False,n,9FH04
78,0,60.53,48.84,0.0,1.99,46.85,0.0,0.0407452907453,0.959254709255,0.22301369863,0.0,0.165833333333,0.226328502415,219,0,12,3.618040641,207,170.656081561,0.0,584.345002357,157.373315315,0.053623853211,0.0,0.06,0.0528571428571,0,0.0,,8,4,81,4,False,n,9FH04
79,3,27.4,22.09,0.76,2.47,18.86,0.0344047080127,0.111815301041,0.853779990946,0.269390243902,0.152,0.274444444444,0.277352941176,82,5,9,2.99270072993,68,230.36844403,83.8619349678,34.1952877192,166.309028075,0.0655555555556,0.04,0.03,0.0628813559322,3,0.75,622.156018503,4,0,24,7,False,e,1MW2207
80,16,392.22,311.02,36.55,26.34,248.13,0.117516558421,0.0846890875185,0.797794354061,0.20707057257,0.237337662338,0.214146341463,0.202555102041,1502,154,123,3.82948345316,1225,142.244471562,93.1084109936,90.3435159625,126.561940376,0.0540972684877,0.041619047619,0.0545714285714,0.0486433447099,56,2.8,513.467593908,9,4,25,7,False,e,1MW2207
81,7,122.3,96.96,6.39,7.07,83.5,0.0659034653465,0.0729166666667,0.861179867987,0.205423728814,0.3195,0.191081081081,0.201204819277,472,20,37,3.85936222404,415,175.038774859,91.0863370108,209.708035686,147.919091284,0.0538004246285,0.0422222222222,0.0635294117647,0.0521374045802,13,3.25,688.718568403,4,0,20,7,False,c,1MW2207
82,20,417.74,327.08,41.17,37.73,248.18,0.12587134646,0.115354041825,0.758774611716,0.205065830721,0.276308724832,0.234347826087,0.19313618677,1595,149,161,3.81816440848,1285,143.810811278,60.2996199561,82.509760062,125.818704136,0.0568757841907,0.0418085106383,0.0432,0.0544298605414,62,3.1,558.659988506,12,1,21,7,False,c,1MW2207
83,8,140.4,110.91,7.07,15.61,88.23,0.0637453791362,0.140744747994,0.79550987287,0.195608465608,0.202,0.192716049383,0.195631929047,567,35,81,4.03846153846,451,151.397938118,114.066404511,216.28322598,131.531604877,0.0521024734982,0.063125,0.0557142857143,0.0497136038186,22,5.5,352.925467717,4,0,18,7,False,s,1MW2207
84,17,351.41,272.51,15.92,35.95,220.64,0.0584198745,0.131921764339,0.809658361161,0.196332853026,0.241212121212,0.22898089172,0.18939055794,1388,66,157,3.94980222532,1165,138.947443652,108.856206677,115.366276857,127.075072079,0.0568853640952,0.0406060606061,0.0487735849057,0.0514145031334,38,1.9,382.212455562,10,2,19,7,False,s,1MW2207
85,0,18.32,14.73,0.0,0.95,13.78,0.0,0.0644942294637,0.935505770536,0.21347826087,0.0,0.19,0.2153125,69,0,5,3.76637554585,64,169.75735832,0.0,0.0,158.624394828,0.0527941176471,0.0,0.0,0.0506779661017,0,0.0,,4,0,22,7,False,n,1MW2207
86,0,306.73,244.47,0.0,16.33,228.14,0.0,0.0667975620731,0.933202437927,0.201874483898,0.0,0.267704918033,0.198382608696,1211,0,61,3.94809767548,1150,123.945419726,0.0,67.6956112497,124.01157388,0.0514545454545,0.0,0.0454838709677,0.0514017857143,0,0.0,,12,3,23,7,False,n,1MW2207
87,2,82.188,60.96,0.456,8.352,52.152,0.00748031496063,0.137007874016,0.855511811024,0.180355029586,0.152,0.238628571429,0.17384,338,3,35,4.11252250937,300,148.413422903,0.0,93.7351141624,145.230249899,0.0629910979228,0.0,0.048,0.0600845070423,3,0.75,470.99904435,4,0,92,6,False,e,12FRH06
88,4,242.508,176.112,2.712,10.968,162.432,0.01539929136,0.0622785500136,0.922322158626,0.181933884298,0.193714285714,0.199418181818,0.180680756396,968,14,55,3.99162089498,899,126.998832634,83.9714332518,113.534883299,122.653393976,0.0686618407446,0.039,0.0487741935484,0.0668904109589,7,0.35,441.337558566,11,1,93,6,False,e,12FRH06
89,8,74.52,55.26,9.996,10.896,34.368,0.180890336591,0.197176981542,0.621932681868,0.206966292135,0.294,0.231829787234,0.184774193548,267,34,47,3.58293075684,186,168.797049459,83.1698886359,151.498522955,127.181986301,0.0724060150376,0.0544615384615,0.05475,0.068101910828,22,5.5,458.457522548,4,0,98,6,False,c,12FRH06
90,18,401.148,268.176,19.188,33.9,215.088,0.071550026848,0.126409522105,0.802040451047,0.167505309182,0.252473684211,0.198245614035,0.158853766617,1601,76,171,3.99104569884,1354,141.179985527,57.4974828014,87.0737664461,132.838565239,0.0831075,0.0651063829787,0.0977475728155,0.0745575289575,33,1.65,481.413888061,11,2,99,6,False,c,12FRH06
91,7,43.284,33.12,10.992,4.344,17.784,0.331884057971,0.13115942029,0.536956521739,0.188181818182,0.261714285714,0.140129032258,0.172660194175,176,42,31,4.066167637,103,130.200653688,84.1676534197,106.752256612,125.686178727,0.05808,0.048,0.0497142857143,0.056967032967,16,4.0,312.884731541,4,0,96,6,False,s,12FRH06
92,17,431.34,300.264,46.416,35.364,218.484,0.15458396611,0.117776356806,0.727639677084,0.182420413123,0.265234285714,0.187111111111,0.170424336973,1646,175,189,3.81601520842,1282,127.694195707,77.7314894312,111.505258582,123.583882953,0.0796814589666,0.0783673469388,0.121818181818,0.0673457489879,35,1.75,334.138222074,13,3,97,6,False,s,12FRH06
93,0,30.912,22.356,0.0,1.824,20.532,0.0,0.081588835212,0.918411164788,0.163182481752,0.0,0.152,0.164256,137,0,12,4.43193581781,125,113.979736136,0.0,64.4380857716,115.301729475,0.0629117647059,0.0,0.088,0.0583728813559,0,0.0,,4,0,94,6,False,n,12FRH06
94,0,362.508,248.016,0.0,10.5,237.516,0.0,0.042335978324,0.957664021676,0.169990404387,0.0,0.1875,0.169291518175,1459,0,56,4.02473876439,1403,120.296675366,0.0,138.087712055,119.732831802,0.0785267489712,0.0,0.0758709677419,0.0771764705882,0,0.0,,9,4,95,6,False,n,12FRH06
95,2,98.484,72.252,0.624,3.732,67.896,0.00863643912971,0.0516525494104,0.93971101146,0.347365384615,0.312,0.266571428571,0.353625,208,2,14,2.11201819585,192,160.9166773,0.0,76.3238844178,143.566521382,0.126724637681,0.0,0.0408,0.1356,2,0.5,417.11844786,4,0,86,9,False,e,6MDH09
96,13,369.252,301.824,24.492,34.356,242.976,0.0811466284987,0.113827926209,0.805025445293,0.285547776727,0.422275862069,0.277064516129,0.277686857143,1057,58,124,2.86254373707,875,142.698461373,75.0547159499,101.822375885,133.185460326,0.0638522727273,0.0421538461538,0.05055,0.0626376811594,20,1.0,492.920457041,12,3,87,9,False,e,6MDH09
97,4,24.24,21.084,2.124,2.556,16.404,0.100739897553,0.121229368241,0.778030734206,0.405461538462,0.354,0.2556,0.455666666667,52,6,10,2.14521452145,36,257.793694137,231.73037949,258.604846235,184.893751759,0.0618823529412,0.048,0.06,0.05568,5,1.25,390.05483518,4,0,90,9,False,c,6MDH09
98,13,255.504,193.824,10.116,20.292,163.416,0.052191679049,0.104692917286,0.843115403665,0.2296492891,0.259384615385,0.250518518519,0.225712707182,844,39,81,3.3032750955,724,149.722139177,93.8751339948,111.229717057,135.54547576,0.0731672597865,0.0530526315789,0.0614285714286,0.0663406113537,22,1.1,446.372835853,8,4,91,9,False,c,6MDH09
99,7,199.824,159.84,9.3,16.98,133.56,0.0581831831832,0.106231231231,0.835585585586,0.262463054187,0.3,0.217692307692,0.26712,609,31,78,3.04768196012,500,161.306974949,187.417045356,153.853328784,132.073874743,0.0657631578947,0.0571764705882,0.0953846153846,0.0558798283262,20,5.0,393.558533109,4,0,84,9,False,s,6MDH09
100,15,353.592,274.728,19.476,47.1,208.152,0.070891936752,0.171442299292,0.757665763956,0.242478375993,0.295090909091,0.241538461538,0.238706422018,1133,66,195,3.20425801489,872,145.968417118,104.543768503,132.662604083,127.060893234,0.069667844523,0.0426,0.0891290322581,0.0553366336634,29,1.45,371.330891495,11,2,85,9,False,s,6MDH09
101,0,12.9,10.836,0.0,1.068,9.768,0.0,0.0985603543743,0.901439645626,0.277846153846,0.0,0.2136,0.287294117647,39,0,5,3.02325581395,34,183.432896163,0.0,35.6327969612,160.350266022,0.0543157894737,0.0,0.036,0.0508965517241,0,0.0,,4,0,88,9,False,n,6MDH09
102,0,234.0,190.908,0.0,17.604,173.304,0.0,0.0922119554969,0.907788044503,0.238039900249,0.0,0.247943661972,0.237077975376,802,0,71,3.42735042735,731,136.289479564,0.0,104.418572494,136.89493533,0.053797752809,0.0,0.045,0.0539568345324,0,0.0,,12,1,89,9,False,n,6MDH09
103,1,53.904,42.9,0.384,1.74,40.776,0.00895104895105,0.0405594405594,0.95048951049,0.205263157895,0.384,0.248571428571,0.202865671642,209,1,7,3.87726328287,201,125.313357003,0.0,0.0,121.026217817,0.0529038461538,0.0,0.0,0.0519792746114,1,0.25,704.954864053,4,0,111,8,False,e,13MM08
104,3,284.544,211.788,2.76,15.144,193.884,0.0130318998244,0.0715054677319,0.915462632444,0.179938827528,0.212307692308,0.176093023256,0.17985528757,1177,13,86,4.13644287,1078,130.726052882,57.4158819211,199.103945899,119.701988199,0.0618673469388,0.0375,0.1245,0.0582456140351,6,0.3,542.298801725,8,4,112,8,False,e,13MM08
105,0,64.944,50.232,0.0,3.12,47.112,0.0,0.0621118012422,0.937888198758,0.188842105263,0.0,0.195,0.188448,266,0,16,4.09583641291,250,125.187986155,0.0,193.67206877,119.499011254,0.0555169811321,0.0,0.0495,0.0548713692946,0,0.0,,4,0,109,8,False,c,13MM08
106,3,245.424,190.416,1.284,13.08,176.052,0.00674313082934,0.0686917065793,0.924565162591,0.190225774226,0.321,0.189565217391,0.189711206897,1001,4,69,4.07865571419,928,105.705679902,39.0638453231,85.5010675578,101.864905147,0.055008,0.036,0.0485853658537,0.0546533333333,3,0.15,520.952354765,12,1,110,8,False,c,13MM08
107,8,144.228,107.508,5.1,16.74,85.668,0.0474383301708,0.155709342561,0.796852327269,0.208348837209,0.283333333333,0.2325,0.201098591549,516,18,72,3.57766869124,426,134.707951983,173.336398703,171.799021802,111.414043999,0.0713009708738,0.597,0.0621333333333,0.0563076923077,13,3.25,319.355428219,5,0,107,8,False,s,13MM08
108,13,281.088,188.46,7.296,22.188,158.976,0.0387137854187,0.117733205985,0.843553008596,0.179656816015,0.177951219512,0.15197260274,0.184426914153,1049,41,146,3.73192736794,862,113.980559646,82.4112237434,107.46470131,105.841852592,0.0883854961832,0.0568695652174,0.0674157303371,0.081842364532,19,0.95,307.834947698,11,2,108,8,False,s,13MM08
109,0,16.236,12.696,0.0,0.336,12.36,0.0,0.0264650283554,0.973534971645,0.195323076923,0.0,0.168,0.19619047619,65,0,2,4.0034491254,63,126.674892235,0.0,0.0,130.075071901,0.0553125,0.0,0.0,0.0566,0,0.0,,4,0,113,8,False,n,13MM08
110,0,248.784,191.916,0.0,21.36,170.556,0.0,0.111298693178,0.888701306822,0.187968658178,0.0,0.209411764706,0.185588683351,1021,0,102,4.10396166956,919,121.726238509,0.0,78.0681174756,118.030955465,0.0557529411765,0.0,0.048,0.0550465116279,0,0.0,,12,3,114,8,False,n,13MM08
111,15,445.092,350.136,16.224,37.164,296.748,0.0463362807595,0.106141613544,0.847522105696,0.195388392857,0.265967213115,0.213586206897,0.190589595376,1792,61,174,4.02613392287,1557,120.116556531,80.8579755849,72.8367776762,113.492177658,0.0530184254606,0.0455294117647,0.0437454545455,0.0529167221852,31,1.55,480.173619172,8,4,102,11,False,e,12JR11
112,4,35.724,28.14,1.536,4.788,21.816,0.0545842217484,0.170149253731,0.77526652452,0.198169014085,0.219428571429,0.19152,0.198327272727,142,7,25,3.97491882208,110,156.806636172,100.401042837,91.4740074866,148.841375709,0.0537872340426,0.042,0.04725,0.0540606060606,5,1.25,537.39575289,4,0,105,11,False,c,12JR11
113,15,443.532,334.02,23.64,21.288,289.092,0.0707742051374,0.0637327106161,0.865493084246,0.179484148307,0.278117647059,0.186736842105,0.173942238267,1861,85,114,4.19586410902,1662,130.629315597,72.6449500755,64.0892251319,121.305247319,0.0588774193548,0.0422307692308,0.0376901408451,0.0550352504638,37,1.85,492.279311185,13,3,106,11,False,c,12JR11
114,6,30.804,23.64,5.892,8.088,9.66,0.24923857868,0.342131979695,0.408629441624,0.183255813953,0.226615384615,0.172085106383,0.1725,129,26,47,4.18776782236,56,150.562951159,118.927444028,82.1016743499,141.50265872,0.05596875,0.054,0.0408,0.0500425531915,15,3.75,383.262621473,4,0,103,11,False,s,12JR11
115,19,434.52,334.572,29.94,43.392,261.24,0.0894874645816,0.129694056885,0.780818478534,0.182129559064,0.277222222222,0.186231759657,0.174625668449,1837,108,233,4.22765350272,1496,124.585423565,107.075435833,112.516463236,115.533947229,0.0544379084967,0.0413538461538,0.0608198757764,0.0530901467505,52,2.6,346.472111477,11,1,104,11,False,s,12JR11
116,0,190.764,145.836,0.0,6.504,139.332,0.0,0.0445980416358,0.955401958364,0.185541984733,0.0,0.2168,0.184301587302,786,0,30,4.12027426558,756,119.568504252,0.0,110.195302048,113.858273722,0.0572331210191,0.0,0.0494117647059,0.056539083558,0,0.0,,4,0,100,11,False,n,12JR11
117,0,421.2,331.272,0.0,13.716,317.556,0.0,0.0414040425994,0.958595957401,0.194865882353,0.0,0.1905,0.195058968059,1700,0,72,4.03608736942,1628,104.111965282,0.0,76.31174718,103.38604361,0.0529299587993,0.0,0.0401379310345,0.0532196969697,0,0.0,,11,2,101,11,False,n,12JR11
118,3,68.736,56.556,0.864,11.856,43.836,0.0152768936983,0.209632930193,0.775090176109,0.27998019802,0.144,0.304,0.279210191083,202,6,39,2.93878026071,157,161.110911774,50.550584352,223.347350127,122.742167423,0.0605970149254,0.032,0.073,0.048375,3,0.75,485.679327093,4,0,172,10,False,e,10F
119,10,551.364,428.412,14.256,45.18,368.976,0.0332763788129,0.105459230834,0.861264390353,0.264288710672,0.375157894737,0.240319148936,0.264498924731,1621,38,188,2.93998157297,1395,120.464477115,51.7125277078,70.5038910694,113.332321061,0.0758962962963,0.0473684210526,0.178918918919,0.0571075514874,19,0.95,499.578028617,13,3,173,10,False,e,10F
120,4,69.78,57.3,1.728,5.364,50.208,0.0301570680628,0.093612565445,0.876230366492,0.290862944162,0.216,0.2682,0.297088757396,197,8,20,2.82315849814,169,143.900028691,119.961096494,98.6336959748,126.145151828,0.0636734693878,0.039,0.058,0.0613421052632,4,1.0,407.71378594,4,0,174,10,False,c,10F
121,6,444.288,319.86,4.188,32.604,283.068,0.0130932282874,0.101932095292,0.884974676421,0.237284866469,0.1745,0.203775,0.24318556701,1348,24,160,3.03406799193,1164,109.982527543,51.5928231539,71.4777297337,101.29857141,0.0923741648107,0.0563076923077,0.260774193548,0.0542575342466,11,0.55,387.019514684,9,4,175,10,False,c,10F
122,8,99.936,58.776,8.94,16.908,32.928,0.152102899143,0.287668436096,0.560228664761,0.190831168831,0.190212765957,0.162576923077,0.209732484076,308,47,104,3.08197246238,157,154.608266674,87.0055046313,107.310343341,107.140003077,0.134071661238,0.048,0.116450704225,0.0851612903226,28,7.0,313.906691533,5,0,170,10,False,s,10F
123,15,339.192,263.34,11.664,51.168,200.508,0.0442925495557,0.194303941672,0.761403508772,0.252,0.248170212766,0.259736040609,0.250322097378,1045,47,197,3.08085096347,801,148.63684648,142.265654675,121.415231643,128.437219104,0.0726551724138,0.135652173913,0.0639669421488,0.0546557377049,31,1.55,508.533819091,12,2,171,10,False,s,10F
124,0,38.952,32.964,0.0,2.088,30.876,0.0,0.0633418274481,0.936658172552,0.284172413793,0.0,0.2088,0.291283018868,116,0,10,2.97802423496,106,136.543431314,0.0,80.7549205498,132.293212348,0.0520695652174,0.0,0.036,0.0499793814433,0,0.0,,4,0,176,10,False,n,10F
125,0,484.764,398.184,0.0,54.288,343.896,0.0,0.136338978964,0.863661021036,0.276133148405,0.0,0.270089552239,0.277112006446,1442,0,201,2.9746433316,1241,120.880736933,0.0,78.4661431779,116.021436351,0.0600832755031,0.0,0.0689433962264,0.0523912663755,0,0.0,,12,1,177,10,False,n,10F
126,3,37.56,30.876,0.576,2.52,27.78,0.0186552662262,0.0816167897396,0.899727944034,0.215916083916,0.144,0.229090909091,0.21703125,143,4,11,3.80724174654,128,140.024733179,51.5472335237,68.3536184451,113.894689351,0.0470704225352,0.036,0.0384,0.0447272727273,2,0.5,468.183623537,4,0,135,13,False,e,17MRW13
127,16,271.176,208.476,12.468,26.856,169.152,0.0598054452311,0.128820583664,0.811373971105,0.177426382979,0.239769230769,0.239785714286,0.1673115727,1175,52,112,4.3329793197,1011,126.902361184,112.661089076,83.9027231991,113.798337836,0.0534071550256,0.0429230769231,0.0549295774648,0.0510552147239,30,1.5,442.810197548,11,2,136,13,False,e,17MRW13
128,6,39.864,28.512,1.416,10.596,16.5,0.0496632996633,0.371632996633,0.578703703704,0.224503937008,0.177,0.252285714286,0.214285714286,127,8,42,3.18583182822,77,211.539667432,123.335768489,65.9447308756,135.951544006,0.0900952380952,0.06,0.044,0.0567857142857,7,1.75,438.344422698,4,0,133,13,False,c,17MRW13
129,21,299.58,218.364,27.288,22.416,168.66,0.124965653679,0.102654283673,0.772380062648,0.161154243542,0.245837837838,0.152489795918,0.153746581586,1355,111,147,4.52299886508,1097,132.416045116,60.1149716612,73.2484437855,115.613852058,0.0599822747415,0.042,0.0532857142857,0.0570461538462,42,2.1,463.568541448,12,1,134,13,False,c,17MRW13
130,4,16.056,12.78,1.32,2.64,8.82,0.103286384977,0.206572769953,0.69014084507,0.196615384615,0.264,0.165,0.200454545455,65,5,16,4.04833084205,44,170.442468151,225.117477472,168.874869928,135.426502828,0.0511875,0.042,0.072,0.0497142857143,4,1.0,250.434093339,4,0,137,13,False,s,17MRW13
131,19,332.076,248.448,25.44,25.128,197.88,0.102395672334,0.101139876352,0.796464451314,0.166408573342,0.217435897436,0.183416058394,0.159709443099,1493,117,137,4.49595875643,1239,132.126348311,85.5132771153,134.390456807,118.147365632,0.0560509383378,0.0732467532468,0.0695172413793,0.0509395973154,48,2.4,404.486643857,8,4,138,13,False,s,17MRW13
132,0,67.296,51.216,0.0,5.88,45.336,0.0,0.11480787254,0.88519212746,0.194,0.0,0.2352,0.189690376569,264,0,25,3.92296718973,239,134.367246665,0.0,119.87651608,118.344072561,0.0611406844106,0.0,0.109,0.0585066666667,0,0.0,,4,0,131,13,False,n,17MRW13
133,0,263.784,199.56,0.0,5.652,193.908,0.0,0.02832230908,0.97167769092,0.167275775356,0.0,0.144923076923,0.168031195841,1193,0,39,4.52263973554,1154,118.774986365,0.0,86.7824253795,114.697839402,0.0538791946309,0.0,0.0466666666667,0.0535138023152,0,0.0,,12,3,132,13,False,n,17MRW13
134,8,143.508,102.672,6.348,11.268,85.056,0.0618279569892,0.109747545582,0.828424497429,0.18236589698,0.181371428571,0.181741935484,0.18252360515,563,35,62,3.92312623686,466,150.858656399,44.9548397352,102.119803147,120.774387717,0.0726619217082,0.0589090909091,0.0411428571429,0.0642562929062,26,6.5,487.283647726,5,0,188,12,False,e,12F
135,12,311.232,245.352,10.608,41.064,193.68,0.0432358407512,0.167367700284,0.789396458965,0.209344709898,0.192872727273,0.219593582888,0.208258064516,1172,55,187,3.76567962163,930,122.417605138,93.7197547061,73.2129264429,102.57378335,0.0562596071734,0.0483428571429,0.0501509433962,0.0510949589683,24,1.2,596.7050148,7,4,189,12,False,e,12F
136,1,63.156,47.724,0.144,3.612,43.968,0.00301734976113,0.0756851898416,0.921297460397,0.190135458167,0.144,0.200666666667,0.189517241379,251,1,18,3.97428589524,232,137.799764493,0.0,86.5638615163,124.673604845,0.061728,0.0,0.036,0.059119266055,1,0.25,423.133548658,4,0,190,12,False,c,12F
137,9,213.576,120.324,7.44,11.724,101.16,0.0618330507629,0.0974369203151,0.840730028922,0.203593908629,0.256551724138,0.202137931034,0.200714285714,591,29,58,2.76716484998,504,133.171382468,90.6028479747,99.3687390598,111.933794312,0.158054237288,0.0712941176471,0.0413333333333,0.0619793814433,15,0.75,561.077662087,10,3,191,12,False,c,12F
138,4,15.648,12.132,1.14,3.384,7.608,0.0939663699308,0.278931750742,0.627101879327,0.205627118644,0.285,0.178105263158,0.211333333333,59,4,19,3.77044989775,36,182.179972567,0.0,239.93980087,145.092778422,0.0606206896552,0.0,0.06,0.0669230769231,4,1.0,302.09538696,5,0,192,12,False,s,12F
139,12,260.448,182.076,6.78,25.08,150.216,0.0372371976537,0.137744678047,0.8250181243,0.201858093126,0.218709677419,0.183065693431,0.204653950954,902,31,137,3.46326330016,734,132.235296363,99.2006149878,135.352000466,117.605403836,0.0869833518313,0.0403636363636,0.0612765957447,0.0926105563481,22,1.1,332.164571902,11,1,193,12,False,s,12F
140,0,137.088,106.32,0.0,5.628,100.692,0.0,0.052934537246,0.947065462754,0.185874125874,0.0,0.194068965517,0.185436464088,572,0,29,4.17250233427,543,129.78888021,0.0,102.846108754,125.301964403,0.05388441331,0.0,0.045,0.0525834932821,0,0.0,,5,0,186,12,False,n,12F
141,0,422.568,334.644,0.0,22.896,311.748,0.0,0.0684189765841,0.931581023416,0.192878386167,0.0,0.200842105263,0.192318322023,1735,0,114,4.10584805286,1621,127.122431783,0.0,133.075165268,121.0519078,0.0507058823529,0.0,0.0492244897959,0.0503691318328,0,0.0,,10,2,187,12,False,n,12F
142,0,24.096,20.232,0.0,1.944,18.288,0.0,0.0960854092527,0.903914590747,0.297529411765,0.0,0.216,0.309966101695,68,0,9,2.82204515272,59,170.46119351,0.0,101.460802621,157.776384396,0.057671641791,0.0,0.048,0.0566666666667,0,0.0,,4,0,153,15,False,e,MPS15
143,11,238.188,182.244,8.604,12.684,160.956,0.047211430829,0.069598999144,0.883189570027,0.18885388601,0.1912,0.183826086957,0.189137485311,965,45,69,4.05142156616,851,138.3066713,88.4691824548,90.0543062346,128.74563316,0.0580331950207,0.044,0.0970588235294,0.0561219512195,25,1.25,471.94126144,8,4,154,15,False,e,MPS15
144,4,30.144,25.62,4.656,4.128,16.836,0.181733021077,0.16112412178,0.657142857143,0.324303797468,0.388,0.258,0.330117647059,79,12,16,2.6207537155,51,222.553915794,115.062513615,118.132012589,152.909049653,0.058,0.036,0.096,0.0492972972973,11,2.75,434.76252961,4,0,147,15,False,c,MPS15
145,3,167.868,131.844,1.476,9.072,121.296,0.0111950486939,0.0688085919723,0.919996359334,0.180855967078,0.210857142857,0.252,0.176816326531,729,7,36,4.34269783401,686,140.949991825,45.6123735424,61.0790725912,138.067299472,0.0494835164835,0.032,0.0406153846154,0.0489244712991,4,0.2,481.832622957,12,3,148,15,False,c,MPS15
146,5,22.212,17.604,1.596,4.476,11.532,0.0906612133606,0.254260395365,0.655078391275,0.207105882353,0.1596,0.17904,0.23064,85,10,25,3.82676030974,50,172.140473878,183.148477028,174.197243928,117.950954968,0.0548571428571,0.03,0.0670588235294,0.0447804878049,9,2.25,315.634941531,4,0,149,15,False,s,MPS15
147,13,254.412,193.44,14.964,34.236,144.24,0.0773573200993,0.176985111663,0.745657568238,0.184228571429,0.2338125,0.223764705882,0.173157262905,1050,64,153,4.12716381303,833,138.126965995,112.541349537,128.809726475,132.00462705,0.05812392755,0.0439024390244,0.0783461538462,0.0505486725664,28,1.4,319.230985362,10,2,150,15,False,s,MPS15
148,0,10.428,8.496,0.0,0.264,8.232,0.0,0.0310734463277,0.968926553672,0.236,0.0,0.264,0.2352,36,0,1,3.45224395857,35,160.950200299,0.0,0.0,161.054763301,0.0552,0.0,0.0,0.0549090909091,0,0.0,,4,0,151,15,False,n,MPS15
149,0,223.872,174.768,0.0,9.048,165.72,0.0,0.0517714913485,0.948228508651,0.186121405751,0.0,0.201066666667,0.185369127517,939,0,45,4.19436106346,894,129.190525715,0.0,117.973850508,127.147164145,0.0523496801706,0.0,0.0468,0.0523496503497,0,0.0,,11,1,152,15,False,n,MPS15
150,2,87.46,66.37,0.67,4.15,61.55,0.0100949224047,0.0625282507157,0.92737682688,0.214096774194,0.1675,0.230555555556,0.213715277778,310,4,18,3.54447747542,288,135.48320497,98.0865894266,95.1188845777,123.804810807,0.0682524271845,0.04,0.038,0.0689377289377,3,0.75,683.684602285,4,0,32,14,False,e,2FQ2014
151,12,308.26,232.42,4.32,35.52,192.58,0.0185870407022,0.152826779107,0.828586180191,0.20334208224,0.205714285714,0.208941176471,0.202289915966,1143,21,170,3.70790890806,952,125.783729505,53.2588898014,132.886185908,103.703092643,0.0664098073555,0.0357142857143,0.0577272727273,0.0671364653244,14,0.7,542.332339782,10,2,33,14,False,e,2FQ2014
152,6,110.01,81.28,2.53,9.9,68.85,0.0311269685039,0.121801181102,0.847071850394,0.189463869464,0.168666666667,0.18679245283,0.190720221607,429,15,53,3.89964548677,361,135.666642742,50.0876482851,74.3928146155,107.857566506,0.0671261682243,0.0375,0.0512903225806,0.0653372434018,11,2.75,397.896734053,4,0,28,14,False,c,2FQ2014
153,12,311.5,228.82,10.15,14.9,203.77,0.0443580106634,0.0651166856044,0.890525303732,0.198628472222,0.220652173913,0.196052631579,0.197834951456,1152,46,76,3.69823434992,1030,124.166719531,67.6832325159,101.249474025,103.621507078,0.0718331885317,0.0565217391304,0.0952941176471,0.0659406952965,24,1.2,503.235685914,12,1,29,14,False,c,2FQ2014
154,5,77.01,55.92,5.3,9.05,41.57,0.0947782546495,0.161838340486,0.743383404864,0.171009174312,0.212,0.174038461538,0.16628,327,25,52,4.24620179198,250,125.779586643,90.2098255126,104.825465458,101.602720672,0.0646932515337,0.0469230769231,0.0556666666667,0.0630769230769,13,3.25,403.81239533,4,0,30,14,False,s,2FQ2014
155,11,354.86,256.43,3.28,24.01,229.14,0.0127910150918,0.0936317903521,0.893577194556,0.20207249803,0.142608695652,0.201764705882,0.203318544809,1269,23,119,3.57605816378,1127,108.581951746,82.5708739984,170.569652291,91.2206865122,0.0776261829653,0.0411111111111,0.0729166666667,0.0759526066351,15,0.75,425.442067376,8,4,31,14,False,s,2FQ2014
156,0,35.34,25.22,0.0,1.77,23.45,0.0,0.0701823949247,0.929817605075,0.188208955224,0.0,0.160909090909,0.190650406504,134,0,11,3.79173740804,123,140.936208077,0.0,76.2070439161,124.327569914,0.0760902255639,0.0,0.04,0.0704424778761,0,0.0,,4,0,26,14,False,n,2FQ2014
157,0,272.65,195.39,0.0,11.41,183.98,0.0,0.0583960284559,0.941603971544,0.186263107722,0.0,0.160704225352,0.188118609407,1049,0,71,3.84742343664,978,111.603577324,0.0,149.940705307,100.63671302,0.0737213740458,0.0,0.0725714285714,0.0736238044633,0,0.0,,13,3,27,14,False,n,2FQ2014
158,2,89.33,74.16,1.88,3.45,68.83,0.0253505933118,0.0465210355987,0.92812837109,0.265806451613,0.47,0.345,0.259735849057,279,4,10,3.12325086757,265,138.038733742,0.0,96.0581346653,124.011199557,0.0545683453237,0.0,0.035,0.0523622047244,4,1.0,437.167590605,5,0,66,17,False,e,5MS17
159,9,295.17,233.06,8.97,29.84,194.25,0.038487943019,0.128035698962,0.833476358019,0.215,0.345,0.248666666667,0.207089552239,1084,26,120,3.67245993834,938,141.678265935,63.9308278836,133.440636639,124.665145594,0.0573499538319,0.0754545454545,0.0674025974026,0.0491843575419,15,0.75,507.375389687,11,2,67,17,False,e,5MS17
160,4,12.25,10.44,3.4,5.44,1.6,0.325670498084,0.521072796935,0.153256704981,0.307058823529,0.309090909091,0.302222222222,0.32,34,11,18,2.77551020408,5,187.742825954,90.5805697213,72.0682643884,159.962045026,0.0548484848485,0.0425,0.0354545454545,0.06,7,1.75,494.20874993,3,0,64,17,False,c,5MS17
161,11,355.22,283.87,14.77,25.08,244.02,0.0520308591961,0.0883503011942,0.85961883961,0.216694656489,0.2954,0.245882352941,0.210725388601,1310,50,102,3.68785541355,1158,134.660708759,76.6607847675,80.8969208004,129.001929291,0.0545072574484,0.05,0.0470149253731,0.0527674624226,22,1.1,586.031264709,11,1,65,17,False,c,5MS17
162,7,91.96,75.53,11.52,13.66,50.35,0.152522176619,0.180855289289,0.666622534092,0.256904761905,0.280975609756,0.257735849057,0.25175,294,41,53,3.19704219226,200,138.874277526,110.652069025,138.290491785,108.69067549,0.0560750853242,0.0437037037037,0.0455172413793,0.0486033519553,19,4.75,383.411357287,4,0,62,17,False,s,5MS17
163,18,307.52,238.54,20.45,28.06,190.03,0.0857298566278,0.117632262933,0.796637880439,0.196490939044,0.240588235294,0.188322147651,0.193908163265,1214,85,149,3.947710718,980,146.392606663,104.151126351,107.84924672,141.192957732,0.0568672712284,0.0546153846154,0.0729896907216,0.0511440677966,39,1.95,414.751628089,9,4,63,17,False,s,5MS17
164,0,117.28,90.92,0.0,14.3,76.62,0.0,0.157281126265,0.842718873735,0.214433962264,0.0,0.238333333333,0.210494505495,424,0,60,3.61527967258,364,183.918525065,0.0,469.484647519,135.96935453,0.06231678487,0.0,0.107234042553,0.0500285714286,0,0.0,,5,0,60,17,False,n,5MS17
165,0,242.82,191.07,0.0,18.71,172.36,0.0,0.0979222274559,0.902077772544,0.194374364191,0.0,0.203369565217,0.193445566779,983,0,92,4.04826620542,891,129.20081218,0.0,108.516001215,127.806757473,0.0526985743381,0.0,0.0555102040816,0.0511202830189,0,0.0,,12,3,61,17,False,n,5MS17
166,0,86.06,67.58,0.0,0.72,66.86,0.0,0.0106540396567,0.989345960343,0.180695187166,0.0,0.144,0.181192411924,374,0,5,4.34580525215,369,131.989867672,0.0,83.1326587531,130.710770409,0.0495442359249,0.0,0.04,0.0495604395604,0,0.0,,4,0,46,16,False,e,2FS2116
167,17,541.27,421.04,25.35,26.99,368.7,0.0602080562417,0.0641031730952,0.875688770663,0.192519433013,0.269680851064,0.190070422535,0.188980010251,2187,94,142,4.04049734883,1951,118.98092627,64.5518388746,72.87668547,111.66058841,0.055,0.0363333333333,0.0398936170213,0.0484296218487,37,1.85,524.527657634,9,4,47,16,False,e,2FS2116
168,7,123.54,92.84,5.1,9.5,78.24,0.0549332184403,0.102326583369,0.84274019819,0.17992248062,0.268421052632,0.19,0.175033557047,516,19,50,4.17678484701,447,163.720464606,106.798356829,135.125643947,142.16673083,0.0596116504854,0.043,0.0996153846154,0.0505225653207,12,3.0,520.900881902,5,0,42,16,False,c,2FS2116
169,14,357.43,270.97,16.3,13.04,241.63,0.0601542606193,0.0481234084954,0.891722330885,0.178269736842,0.226388888889,0.186285714286,0.175348330914,1520,72,70,4.25258092494,1378,137.607471281,67.912745781,78.5173028411,125.540422682,0.0569190256748,0.0363829787234,0.0443902439024,0.04928304705,27,1.35,556.785682574,13,3,43,16,False,c,2FS2116
170,6,114.17,88.88,3.19,8.41,77.28,0.0358910891089,0.0946219621962,0.869486948695,0.173933463796,0.212666666667,0.186888888889,0.171352549889,511,15,45,4.475781729,451,130.306759164,98.9365966087,115.146248902,124.745469834,0.0495882352941,0.038,0.0434375,0.0491571753986,9,2.25,259.735632195,4,0,44,16,False,s,2FS2116
171,18,528.73,418.06,19.7,45.72,352.64,0.0471224226188,0.109362292494,0.843515284887,0.192034910427,0.203092783505,0.220869565217,0.18827549386,2177,97,207,4.11741342462,1873,114.804068194,89.161598981,93.2621896187,109.087788776,0.050859375,0.0424590163934,0.0577070063694,0.0486173108329,41,2.05,355.473174554,10,2,45,16,False,s,2FS2116
172,0,32.23,25.21,0.0,0.0,25.21,0.0,0.0,1.0,0.181366906475,0.0,0.0,0.181366906475,139,0,0,4.31275209432,139,153.209800252,0.0,0.0,153.209800252,0.0508695652174,0.0,0.0,0.0508695652174,0,0.0,,4,0,48,16,False,n,2FS2116
173,0,467.17,375.45,0.0,20.59,354.86,0.0,0.0548408576375,0.945159142362,0.196159874608,0.0,0.187181818182,0.196707317073,1914,0,110,4.09700965387,1804,109.294617687,0.0,92.1417478949,108.344711468,0.0479456351281,0.0,0.0418309859155,0.0480555555556,0,0.0,,11,1,49,16,False,n,2FS2116
174,5,71.34,55.884,4.068,4.536,47.28,0.0727936439768,0.0811681339918,0.846038222031,0.188797297297,0.176869565217,0.206181818182,0.188366533865,296,23,22,4.14914493973,251,122.018597325,61.4797435883,67.026671613,113.44289533,0.052393220339,0.0437142857143,0.036,0.0520669456067,10,2.5,403.503683489,4,0,143,19,False,e,18MDM19
175,18,423.648,324.624,21.552,20.592,282.48,0.0663906550347,0.0634333875499,0.870175957415,0.191067686875,0.213386138614,0.194264150943,0.189329758713,1699,101,106,4.01040486442,1492,103.733344862,49.5793516351,73.4565822897,93.2355911696,0.0583180212014,0.0441355932203,0.06375,0.0511922811854,44,2.2,497.568020148,11,2,144,19,False,e,18MDM19
176,5,65.172,51.06,0.948,2.652,47.46,0.0185663924794,0.0519388954172,0.929494712103,0.185672727273,0.158,0.189428571429,0.186117647059,275,6,14,4.21960351071,255,118.139473868,111.291178772,127.777203809,105.848308407,0.051503649635,0.042,0.057,0.0488780487805,5,1.25,320.568997904,4,0,145,19,False,c,18MDM19
177,20,483.132,367.392,58.248,35.832,273.312,0.158544551868,0.0975307029004,0.743924745231,0.199886833515,0.254358078603,0.199066666667,0.191261021693,1838,229,180,3.80434332646,1429,108.984341047,62.5320696882,60.703944528,96.6863496726,0.0630048992923,0.0513988439306,0.0407619047619,0.0509560117302,58,2.9,446.66408357,13,3,146,19,False,c,18MDM19
178,7,121.704,91.956,7.884,17.472,66.6,0.0857366566619,0.190003914916,0.724259428422,0.167192727273,0.187714285714,0.17472,0.163235294118,550,42,100,4.51916124367,408,128.839239335,111.653818181,169.218829409,111.512565946,0.0541857923497,0.0582857142857,0.0585882352941,0.0520104438642,24,6.0,336.924202003,4,0,139,19,False,s,18MDM19
179,16,428.34,310.932,19.908,29.64,261.384,0.0640268611786,0.0953263092895,0.840646829532,0.18056445993,0.234211764706,0.178554216867,0.177691366417,1722,85,166,4.02017089228,1471,104.532502569,118.923763982,103.372907046,94.7453762037,0.0682208018594,0.0472340425532,0.280555555556,0.0520505263158,47,2.35,341.870157867,8,4,140,19,False,s,18MDM19
180,0,62.028,46.2,0.0,1.032,45.168,0.0,0.0223376623377,0.977662337662,0.160416666667,0.0,0.114666666667,0.161892473118,288,0,9,4.64306442252,279,118.320048616,0.0,58.6591639351,111.267568645,0.055149825784,0.0,0.042,0.0541549815498,0,0.0,,4,0,141,19,False,n,18MDM19
181,0,344.916,272.868,0.0,19.932,252.936,0.0,0.073046308105,0.926953691895,0.19175544624,0.0,0.197346534653,0.191328290469,1423,0,101,4.12564218534,1322,91.9497059128,0.0,68.7735156763,90.4263287506,0.0506666666667,0.0,0.0516363636364,0.0501741835148,0,0.0,,12,1,142,19,False,n,18MDM19
182,4,161.76,125.652,2.292,12.888,110.472,0.0182408556967,0.102569000096,0.879190144208,0.235744840525,0.254666666667,0.226105263158,0.236556745182,533,9,57,3.2950049456,467,129.187717816,44.3851119788,99.6205572646,117.020343723,0.0678721804511,0.03,0.054375,0.0674594594595,7,1.75,577.782426012,5,0,182,18,False,e,18F
183,17,532.644,395.772,19.152,50.316,326.304,0.0483914981353,0.127133804312,0.824474697553,0.214162337662,0.2736,0.2396,0.208102040816,1848,70,210,3.46948430847,1568,118.430004754,76.6039048022,88.0019910224,108.354949528,0.0741050351922,0.06325,0.0608648648649,0.0724813052345,27,1.35,535.833278315,11,2,183,18,False,e,18F
184,3,233.568,169.812,3.18,19.236,147.396,0.0187265917603,0.113278213554,0.867995194686,0.2136,0.265,0.221103448276,0.211775862069,795,12,87,3.40371968763,696,129.169879511,49.7339069738,104.651453206,118.37119935,0.0802972292191,0.056,0.0704727272727,0.0754208144796,6,1.5,547.924588369,5,0,184,18,False,c,18F
185,20,692.04,500.676,44.076,84.432,372.168,0.0880329794118,0.168636004122,0.743331016466,0.219594736842,0.301890410959,0.22881300813,0.210860056657,2280,146,369,3.29460724814,1765,126.516738911,70.9069878181,93.1773904059,106.436030224,0.0839684071961,0.0562424242424,0.0767766990291,0.0748582089552,57,2.85,552.373678568,12,1,185,18,False,c,18F
186,9,250.752,195.348,11.928,12.324,171.096,0.0610602616868,0.0630874132318,0.875852325081,0.232004750594,0.229384615385,0.237,0.231837398374,842,52,52,3.35789943849,738,116.765960064,73.6162465513,125.607677675,102.016417903,0.0658787158145,0.057375,0.084,0.063360678925,23,5.75,411.38723202,4,0,180,18,False,s,18F
187,20,651.552,504.684,34.824,105.252,364.608,0.0690015930761,0.208550300782,0.722448106142,0.226214253698,0.230622516556,0.238666666667,0.222457596095,2231,151,441,3.42413191886,1639,115.262316826,106.170147913,108.437057799,94.7375696754,0.0658600896861,0.0509411764706,0.0671401869159,0.0626968911917,61,3.05,605.157922281,9,4,181,18,False,s,18F
188,0,313.26,235.644,0.0,39.216,196.428,0.0,0.166420532668,0.833579467332,0.225065902579,0.0,0.222818181818,0.225520091848,1047,0,176,3.34227159548,871,97.2008686779,0.0,80.9246239528,90.1618505682,0.0742026768642,0.0,0.0623157894737,0.0691633663366,0,0.0,,5,0,178,18,False,n,18F
189,0,654.732,514.308,0.0,51.72,462.588,0.0,0.100562308967,0.899437691033,0.243517045455,0.0,0.25603960396,0.242192670157,2112,0,202,3.22574732868,1910,98.1419240621,0.0,168.677657219,88.0269229392,0.0665201326386,0.0,0.0878461538462,0.065418487395,0,0.0,,13,3,179,18,False,n,18F
