userId,type,country,orderNumber,experimentNumber,training, x,y,blink,leftEye,rightEye,trackerTimestamp,timestamp,leftEyeX,leftEyeY,leftEyeZ,rightEyeX,rightEyeY,rightEyeZ,viewingText,screenWidth,screenHeight,contentType,content
6MDH09,n,0,9,88,False,374,-30,0,0,0,4919457,0,0,0,0,0,0,0,1,1022,1933,none,none
6MDH09,n,0,9,88,False,374,-29,0,0,0,4919469,1,0,0,0,0,0,0,1,1022,1933,none,none
6MDH09,n,0,9,88,False,374,-29,0,0,0,4919481,2,0,0,0,0,0,0,1,1022,1933,none,none
6MDH09,n,0,9,88,False,375,-29,0,0,0,4919493,16,0,0,0,0,0,0,1,1022,1933,none,none
6MDH09,n,0,9,88,False,411,-34,0,0,0,4919505,23,0,0,0,0,0,0,1,1022,1933,none,none
6MDH09,n,0,9,88,False,471,-40,0,0,0,4919517,35,0,0,0,0,0,0,1,1022,1933,none,none
6MDH09,n,0,9,88,False,498,-40,0,0,0,4919529,47,0,0,0,0,0,0,1,1022,1933,none,none
6MDH09,n,0,9,88,False,511,-36,0,0,0,4919541,61,0,0,0,0,0,0,1,1022,1933,none,none
6MDH09,n,0,9,88,False,508,-36,0,0,0,4919553,78,0,0,0,0,0,0,1,1022,1933,none,none
6MDH09,n,0,9,88,False,509,-37,0,0,0,4919565,83,0,0,0,0,0,0,1,1022,1933,none,none
6MDH09,n,0,9,88,False,510,-36,0,0,0,4919577,95,0,0,0,0,0,0,1,1022,1933,none,none
6MDH09,n,0,9,88,False,510,-36,0,0,0,4919589,111,0,0,0,0,0,0,1,1022,1933,none,none
6MDH09,n,0,9,88,False,510,-34,0,0,0,4919601,119,0,0,0,0,0,0,1,1022,1933,none,none
6MDH09,n,0,9,88,False,510,-34,0,0,0,4919613,131,0,0,0,0,0,0,1,1022,1933,none,none
6MDH09,n,0,9,88,False,510,-33,0,0,0,4919625,144,0,0,0,0,0,0,1,1022,1933,none,none
6MDH09,n,0,9,88,False,509,-33,0,0,0,4919637,161,0,0,0,0,0,0,1,1022,1933,none,none
6MDH09,n,0,9,88,False,509,-33,0,0,0,4919649,167,0,0,0,0,0,0,1,1022,1933,none,none
6MDH09,n,0,9,88,False,509,-32,0,0,0,4919661,179,0,0,0,0,0,0,1,1022,1933,none,none
6MDH09,n,0,9,88,False,508,-31,0,0,0,4919673,194,0,0,0,0,0,0,1,1022,1933,none,none
6MDH09,n,0,9,88,False,508,-31,0,0,0,4919685,203,0,0,0,0,0,0,1,1022,1933,none,none
6MDH09,n,0,9,88,False,508,-31,0,0,0,4919697,215,0,0,0,0,0,0,1,1022,1933,none,none
6MDH09,n,0,9,88,False,508,-30,0,0,0,4919709,228,0,0,0,0,0,0,1,1022,1933,none,none
6MDH09,n,0,9,88,False,508,-30,0,0,0,4919721,244,0,0,0,0,0,0,1,1022,1933,none,none
6MDH09,n,0,9,88,False,507,-29,0,0,0,4919733,251,0,0,0,0,0,0,1,1022,1933,none,none
6MDH09,n,0,9,88,False,508,-29,0,0,0,4919745,263,0,0,0,0,0,0,1,1022,1933,none,none
6MDH09,n,0,9,88,False,508,-29,0,0,0,4919757,278,0,0,0,0,0,0,1,1022,1933,none,none
6MDH09,n,0,9,88,False,508,-29,0,0,0,4919769,294,0,0,0,0,0,0,1,1022,1933,none,none
6MDH09,n,0,9,88,False,508,-29,0,0,0,4919781,299,0,0,0,0,0,0,1,1022,1933,none,none
6MDH09,n,0,9,88,False,509,-28,0,0,0,4919793,311,0,0,0,0,0,0,1,1022,1933,none,none
6MDH09,n,0,9,88,False,354,-211,0,0,0,4919805,329,0,0,0,0,0,0,1,1022,1933,none,none
6MDH09,n,0,9,88,False,491,230,0,0,0,4919817,337,0,0,0,0,0,0,1,1263,1933,text,para_1
6MDH09,n,0,9,88,False,434,244,0,0,0,4919829,348,0,0,0,0,0,0,1,1263,1933,text,para_1
6MDH09,n,0,9,88,False,428,252,0,0,0,4919841,363,0,0,0,0,0,0,1,1263,1933,text,para_1
6MDH09,n,0,9,88,False,429,250,0,0,0,4919853,380,0,0,0,0,0,0,1,1263,1933,text,para_1
6MDH09,n,0,9,88,False,428,252,0,0,0,4919865,383,0,0,0,0,0,0,1,1263,1933,text,para_1
6MDH09,n,0,9,88,False,431,252,0,0,0,4919877,395,0,0,0,0,0,0,1,1263,1933,text,para_1
6MDH09,n,0,9,88,False,431,252,0,0,0,4919889,407,0,0,0,0,0,0,1,1263,1933,text,para_1
6MDH09,n,0,9,88,False,432,252,0,0,0,4919901,419,0,0,0,0,0,0,1,1263,1933,text,para_1
6MDH09,n,0,9,88,False,433,252,0,0,0,4919913,431,0,0,0,0,0,0,1,1263,1933,text,para_1
6MDH09,n,0,9,88,False,434,252,0,0,0,4919925,444,0,0,0,0,0,0,1,1263,1933,text,para_1
6MDH09,n,0,9,88,False,434,253,0,0,0,4919937,463,0,0,0,0,0,0,1,1263,1933,text,para_1
6MDH09,n,0,9,88,False,434,252,0,0,0,4919949,467,0,0,0,0,0,0,1,1263,1933,text,para_1
6MDH09,n,0,9,88,False,434,253,0,0,0,4919961,479,0,0,0,0,0,0,1,1263,1933,text,para_1
6MDH09,n,0,9,88,False,435,253,0,0,0,4919973,491,0,0,0,0,0,0,1,1263,1933,text,para_1
6MDH09,n,0,9,88,False,435,252,0,0,0,4919985,503,0,0,0,0,0,0,1,1263,1933,text,para_1
6MDH09,n,0,9,88,False,435,252,0,0,0,4919997,515,0,0,0,0,0,0,1,1263,1933,text,para_1
6MDH09,n,0,9,88,False,436,252,0,0,0,4920009,527,0,0,0,0,0,0,1,1263,1933,text,para_1
6MDH09,n,0,9,88,False,437,251,0,0,0,4920021,539,0,0,0,0,0,0,1,1263,1933,text,para_1
6MDH09,n,0,9,88,False,437,251,0,0,0,4920033,551,0,0,0,0,0,0,1,1263,1933,text,para_1
6MDH09,n,0,9,88,False,437,250,0,0,0,4920045,563,0,0,0,0,0,0,1,1263,1933,text,para_1
6MDH09,n,0,9,88,False,437,249,0,0,0,4920057,575,0,0,0,0,0,0,1,1263,1933,text,para_1
6MDH09,n,0,9,88,False,438,249,0,0,0,4920069,587,0,0,0,0,0,0,1,1263,1933,text,para_1
6MDH09,n,0,9,88,False,438,249,0,0,0,4920081,599,0,0,0,0,0,0,1,1263,1933,text,para_1
6MDH09,n,0,9,88,False,438,248,0,0,0,4920093,611,0,0,0,0,0,0,1,1263,1933,text,para_1
6MDH09,n,0,9,88,False,436,234,0,0,0,4920105,623,0,0,0,0,0,0,1,1263,1933,text,para_1
6MDH09,n,0,9,88,False,440,173,0,0,0,4920117,635,0,0,0,0,0,0,1,1263,1933,text,para_1
6MDH09,n,0,9,88,False,447,116,0,0,0,4920129,647,0,0,0,0,0,0,1,1263,1933,text,para_1
6MDH09,n,0,9,88,False,460,60,0,0,0,4920141,659,0,0,0,0,0,0,1,1263,1933,none,none
6MDH09,n,0,9,88,False,471,55,0,0,0,4920153,671,0,0,0,0,0,0,1,1263,1933,none,none
6MDH09,n,0,9,88,False,470,56,0,0,0,4920165,683,0,0,0,0,0,0,1,1263,1933,none,none
6MDH09,n,0,9,88,False,470,53,0,0,0,4920177,695,0,0,0,0,0,0,1,1263,1933,none,none
6MDH09,n,0,9,88,False,471,54,0,0,0,4920189,707,0,0,0,0,0,0,1,1263,1933,none,none
6MDH09,n,0,9,88,False,471,55,0,0,0,4920201,719,0,0,0,0,0,0,1,1263,1933,none,none
6MDH09,n,0,9,88,False,471,56,0,0,0,4920213,731,0,0,0,0,0,0,1,1263,1933,none,none
6MDH09,n,0,9,88,False,470,55,0,0,0,4920225,743,0,0,0,0,0,0,1,1263,1933,none,none
6MDH09,n,0,9,88,False,470,56,0,0,0,4920237,755,0,0,0,0,0,0,1,1263,1933,none,none
6MDH09,n,0,9,88,False,470,55,0,0,0,4920249,767,0,0,0,0,0,0,1,1263,1933,none,none
6MDH09,n,0,9,88,False,470,55,0,0,0,4920261,779,0,0,0,0,0,0,1,1263,1933,none,none
6MDH09,n,0,9,88,False,470,54,0,0,0,4920273,791,0,0,0,0,0,0,1,1263,1933,none,none
6MDH09,n,0,9,88,False,464,46,0,0,0,4920285,803,0,0,0,0,0,0,1,1263,1933,none,none
6MDH09,n,0,9,88,False,449,36,0,0,0,4920297,815,0,0,0,0,0,0,1,1263,1933,none,none
6MDH09,n,0,9,88,False,443,27,0,0,0,4920309,827,0,0,0,0,0,0,1,1263,1933,none,none
6MDH09,n,0,9,88,False,442,28,0,0,0,4920321,839,0,0,0,0,0,0,1,1263,1933,none,none
6MDH09,n,0,9,88,False,442,27,0,0,0,4920333,851,0,0,0,0,0,0,1,1263,1933,none,none
6MDH09,n,0,9,88,False,441,26,0,0,0,4920345,863,0,0,0,0,0,0,1,1263,1933,none,none
6MDH09,n,0,9,88,False,442,26,0,0,0,4920357,875,0,0,0,0,0,0,1,1263,1933,none,none
6MDH09,n,0,9,88,False,442,26,0,0,0,4920369,887,0,0,0,0,0,0,1,1263,1933,none,none
6MDH09,n,0,9,88,False,442,25,0,0,0,4920381,899,0,0,0,0,0,0,1,1263,1933,none,none
6MDH09,n,0,9,88,False,443,26,0,0,0,4920393,911,0,0,0,0,0,0,1,1263,1933,none,none
6MDH09,n,0,9,88,False,442,25,0,0,0,4920405,923,0,0,0,0,0,0,1,1263,1933,none,none
6MDH09,n,0,9,88,False,443,26,0,0,0,4920417,935,0,0,0,0,0,0,1,1263,1933,none,none
6MDH09,n,0,9,88,False,443,27,0,0,0,4920429,947,0,0,0,0,0,0,1,1263,1933,none,none
6MDH09,n,0,9,88,False,443,27,0,0,0,4920441,959,0,0,0,0,0,0,1,1263,1933,none,none
6MDH09,n,0,9,88,False,443,27,0,0,0,4920453,971,0,0,0,0,0,0,1,1263,1933,none,none
6MDH09,n,0,9,88,False,444,28,0,0,0,4920465,983,0,0,0,0,0,0,1,1263,1933,none,none
6MDH09,n,0,9,88,False,443,28,0,0,0,4920477,995,0,0,0,0,0,0,1,1263,1933,none,none
6MDH09,n,0,9,88,False,444,28,0,0,0,4920489,1007,0,0,0,0,0,0,1,1263,1933,none,none
6MDH09,n,0,9,88,False,443,28,0,0,0,4920501,1019,0,0,0,0,0,0,1,1263,1933,none,none
6MDH09,n,0,9,88,False,443,30,0,0,0,4920513,1031,0,0,0,0,0,0,1,1263,1933,none,none
6MDH09,n,0,9,88,False,443,30,0,0,0,4920525,1043,0,0,0,0,0,0,1,1263,1933,none,none
6MDH09,n,0,9,88,False,443,31,0,0,0,4920537,1055,0,0,0,0,0,0,1,1263,1933,none,none
6MDH09,n,0,9,88,False,443,32,0,0,0,4920549,1067,0,0,0,0,0,0,1,1263,1933,none,none
6MDH09,n,0,9,88,False,442,33,0,0,0,4920561,1079,0,0,0,0,0,0,1,1263,1933,none,none
6MDH09,n,0,9,88,False,442,34,0,0,0,4920573,1091,0,0,0,0,0,0,1,1263,1933,none,none
6MDH09,n,0,9,88,False,443,36,0,0,0,4920585,1103,0,0,0,0,0,0,1,1263,1933,none,none
6MDH09,n,0,9,88,False,443,79,0,0,0,4920597,1115,0,0,0,0,0,0,1,1263,1933,text,para_1
6MDH09,n,0,9,88,False,444,97,0,0,0,4920609,1127,0,0,0,0,0,0,1,1263,1933,text,para_1
6MDH09,n,0,9,88,False,445,92,0,0,0,4920621,1139,0,0,0,0,0,0,1,1263,1933,text,para_1
6MDH09,n,0,9,88,False,445,96,0,0,0,4920633,1151,0,0,0,0,0,0,1,1263,1933,text,para_1
6MDH09,n,0,9,88,False,445,98,0,0,0,4920645,1163,0,0,0,0,0,0,1,1263,1933,text,para_1
6MDH09,n,0,9,88,False,446,98,0,0,0,4920657,1175,0,0,0,0,0,0,1,1263,1933,text,para_1
6MDH09,n,0,9,88,False,445,98,0,0,0,4920669,1187,0,0,0,0,0,0,1,1263,1933,text,para_1
6MDH09,n,0,9,88,False,446,98,0,0,0,4920681,1199,0,0,0,0,0,0,1,1263,1933,text,para_1
6MDH09,n,0,9,88,False,445,99,0,0,0,4920693,1211,0,0,0,0,0,0,1,1263,1933,text,para_1
6MDH09,n,0,9,88,False,446,98,0,0,0,4920705,1223,0,0,0,0,0,0,1,1263,1933,text,para_1
6MDH09,n,0,9,88,False,446,98,0,0,0,4920717,1235,0,0,0,0,0,0,1,1263,1933,text,para_1
6MDH09,n,0,9,88,False,447,98,0,0,0,4920729,1247,0,0,0,0,0,0,1,1263,1933,text,para_1
6MDH09,n,0,9,88,False,447,98,0,0,0,4920741,1259,0,0,0,0,0,0,1,1263,1933,text,para_1
6MDH09,n,0,9,88,False,448,97,0,0,0,4920753,1271,0,0,0,0,0,0,1,1263,1933,text,para_1
6MDH09,n,0,9,88,False,447,97,0,0,0,4920765,1283,0,0,0,0,0,0,1,1263,1933,text,para_1
6MDH09,n,0,9,88,False,448,98,0,0,0,4920777,1295,0,0,0,0,0,0,1,1263,1933,text,para_1
6MDH09,n,0,9,88,False,448,98,0,0,0,4920789,1307,0,0,0,0,0,0,1,1263,1933,text,para_1
6MDH09,n,0,9,88,False,448,99,0,0,0,4920801,1319,0,0,0,0,0,0,1,1263,1933,text,para_1
6MDH09,n,0,9,88,False,448,100,0,0,0,4920813,1331,0,0,0,0,0,0,1,1263,1933,text,para_1
6MDH09,n,0,9,88,False,462,101,0,0,0,4920825,1343,0,0,0,0,0,0,1,1263,1933,text,para_1
6MDH09,n,0,9,88,False,547,111,0,0,0,4920837,1355,0,0,0,0,0,0,1,1263,1933,text,para_1
6MDH09,n,0,9,88,False,602,116,0,0,0,4920849,1367,0,0,0,0,0,0,1,1263,1933,text,para_1
6MDH09,n,0,9,88,False,652,129,0,0,0,4920861,1379,0,0,0,0,0,0,1,1263,1933,text,para_1
6MDH09,n,0,9,88,False,647,132,0,0,0,4920873,1391,0,0,0,0,0,0,1,1263,1933,text,para_1
6MDH09,n,0,9,88,False,653,133,0,0,0,4920885,1403,0,0,0,0,0,0,1,1263,1933,text,para_1
6MDH09,n,0,9,88,False,655,134,0,0,0,4920897,1415,0,0,0,0,0,0,1,1263,1933,text,para_1
6MDH09,n,0,9,88,False,654,136,0,0,0,4920909,1427,0,0,0,0,0,0,1,1263,1933,text,para_1
6MDH09,n,0,9,88,False,654,137,0,0,0,4920921,1439,0,0,0,0,0,0,1,1263,1933,text,para_1
6MDH09,n,0,9,88,False,654,137,0,0,0,4920933,1451,0,0,0,0,0,0,1,1263,1933,text,para_1
6MDH09,n,0,9,88,False,655,138,0,0,0,4920945,1463,0,0,0,0,0,0,1,1263,1933,text,para_1
6MDH09,n,0,9,88,False,655,139,0,0,0,4920957,1475,0,0,0,0,0,0,1,1263,1933,text,para_1
6MDH09,n,0,9,88,False,654,139,0,0,0,4920969,1487,0,0,0,0,0,0,1,1263,1933,text,para_1
6MDH09,n,0,9,88,False,653,139,0,0,0,4920981,1499,0,0,0,0,0,0,1,1263,1933,text,para_1
6MDH09,n,0,9,88,False,653,140,0,0,0,4920993,1511,0,0,0,0,0,0,1,1263,1933,text,para_1
6MDH09,n,0,9,88,False,653,140,0,0,0,4921005,1523,0,0,0,0,0,0,1,1263,1933,text,para_1
6MDH09,n,0,9,88,False,653,140,0,0,0,4921017,1535,0,0,0,0,0,0,1,1263,1933,text,para_1
6MDH09,n,0,9,88,False,653,140,0,0,0,4921029,1547,0,0,0,0,0,0,1,1263,1933,text,para_1
6MDH09,n,0,9,88,False,652,140,0,0,0,4921041,1559,0,0,0,0,0,0,1,1263,1933,text,para_1
6MDH09,n,0,9,88,False,653,140,0,0,0,4921053,1571,0,0,0,0,0,0,1,1263,1933,text,para_1
6MDH09,n,0,9,88,False,653,141,0,0,0,4921065,1583,0,0,0,0,0,0,1,1263,1933,text,para_1
6MDH09,n,0,9,88,False,653,141,0,0,0,4921077,1595,0,0,0,0,0,0,1,1263,1933,text,para_1
6MDH09,n,0,9,88,False,652,141,0,0,0,4921089,1607,0,0,0,0,0,0,1,1263,1933,text,para_1
6MDH09,n,0,9,88,False,653,140,0,0,0,4921101,1619,0,0,0,0,0,0,1,1263,1933,text,para_1
6MDH09,n,0,9,88,False,653,141,0,0,0,4921113,1631,0,0,0,0,0,0,1,1263,1933,text,para_1
6MDH09,n,0,9,88,False,653,140,0,0,0,4921125,1643,0,0,0,0,0,0,1,1263,1933,text,para_1
6MDH09,n,0,9,88,False,653,140,0,0,0,4921137,1655,0,0,0,0,0,0,1,1263,1933,text,para_1
6MDH09,n,0,9,88,False,654,140,0,0,0,4921149,1667,0,0,0,0,0,0,1,1263,1933,text,para_1
6MDH09,n,0,9,88,False,654,140,0,0,0,4921161,1679,0,0,0,0,0,0,1,1263,1933,text,para_1
6MDH09,n,0,9,88,False,654,139,0,0,0,4921173,1691,0,0,0,0,0,0,1,1263,1933,text,para_1
6MDH09,n,0,9,88,False,653,140,0,0,0,4921185,1703,0,0,0,0,0,0,1,1263,1933,text,para_1
6MDH09,n,0,9,88,False,653,140,0,0,0,4921197,1715,0,0,0,0,0,0,1,1263,1933,text,para_1
6MDH09,n,0,9,88,False,653,141,0,0,0,4921209,1727,0,0,0,0,0,0,1,1263,1933,text,para_1
6MDH09,n,0,9,88,False,654,154,0,0,0,4921221,1739,0,0,0,0,0,0,1,1263,1933,text,para_1
6MDH09,n,0,9,88,False,688,231,0,0,0,4921233,1751,0,0,0,0,0,0,1,1263,1933,text,para_1
6MDH09,n,0,9,88,False,686,313,0,0,0,4921245,1763,0,0,0,0,0,0,1,1263,1933,text,para_1
6MDH09,n,0,9,88,False,676,370,0,0,0,4921257,1775,0,0,0,0,0,0,1,1263,1933,text,para_2
6MDH09,n,0,9,88,False,675,371,0,0,0,4921269,1787,0,0,0,0,0,0,1,1263,1933,text,para_2
6MDH09,n,0,9,88,False,676,376,0,0,0,4921281,1799,0,0,0,0,0,0,1,1263,1933,text,para_2
6MDH09,n,0,9,88,False,676,380,0,0,0,4921293,1811,0,0,0,0,0,0,1,1263,1933,text,para_2
6MDH09,n,0,9,88,False,676,379,0,0,0,4921305,1823,0,0,0,0,0,0,1,1263,1933,text,para_2
6MDH09,n,0,9,88,False,677,379,0,0,0,4921317,1835,0,0,0,0,0,0,1,1263,1933,text,para_2
6MDH09,n,0,9,88,False,678,380,0,0,0,4921329,1847,0,0,0,0,0,0,1,1263,1933,text,para_2
6MDH09,n,0,9,88,False,678,379,0,0,0,4921341,1859,0,0,0,0,0,0,1,1263,1933,text,para_2
6MDH09,n,0,9,88,False,679,380,0,0,0,4921353,1871,0,0,0,0,0,0,1,1263,1933,text,para_2
6MDH09,n,0,9,88,False,680,380,0,0,0,4921365,1883,0,0,0,0,0,0,1,1263,1933,text,para_2
6MDH09,n,0,9,88,False,679,380,0,0,0,4921377,1895,0,0,0,0,0,0,1,1263,1933,text,para_2
6MDH09,n,0,9,88,False,679,379,0,0,0,4921389,1907,0,0,0,0,0,0,1,1263,1933,text,para_2
6MDH09,n,0,9,88,False,678,380,0,0,0,4921401,1919,0,0,0,0,0,0,1,1263,1933,text,para_2
6MDH09,n,0,9,88,False,678,380,0,0,0,4921413,1931,0,0,0,0,0,0,1,1263,1933,text,para_2
6MDH09,n,0,9,88,False,677,380,0,0,0,4921425,1943,0,0,0,0,0,0,1,1263,1933,text,para_2
6MDH09,n,0,9,88,False,677,380,0,0,0,4921437,1955,0,0,0,0,0,0,1,1263,1933,text,para_2
6MDH09,n,0,9,88,False,676,379,0,0,0,4921449,1967,0,0,0,0,0,0,1,1263,1933,text,para_2
6MDH09,n,0,9,88,False,676,380,0,0,0,4921461,1979,0,0,0,0,0,0,1,1263,1933,text,para_2
6MDH09,n,0,9,88,False,674,379,0,0,0,4921473,1991,0,0,0,0,0,0,1,1263,1933,text,para_2
6MDH09,n,0,9,88,False,675,379,0,0,0,4921485,2003,0,0,0,0,0,0,1,1263,1933,text,para_2
6MDH09,n,0,9,88,False,674,377,0,0,0,4921497,2015,0,0,0,0,0,0,1,1263,1933,text,para_2
6MDH09,n,0,9,88,False,673,378,0,0,0,4921509,2027,0,0,0,0,0,0,1,1263,1933,text,para_2
6MDH09,n,0,9,88,False,673,376,0,0,0,4921521,2039,0,0,0,0,0,0,1,1263,1933,text,para_2
6MDH09,n,0,9,88,False,673,376,0,0,0,4921533,2051,0,0,0,0,0,0,1,1263,1933,text,para_2
6MDH09,n,0,9,88,False,673,378,0,0,0,4921545,2063,0,0,0,0,0,0,1,1263,1933,text,para_2
6MDH09,n,0,9,88,False,673,378,0,0,0,4921557,2075,0,0,0,0,0,0,1,1263,1933,text,para_2
6MDH09,n,0,9,88,False,673,378,0,0,0,4921569,2087,0,0,0,0,0,0,1,1263,1933,text,para_2
6MDH09,n,0,9,88,False,672,378,0,0,0,4921581,2099,0,0,0,0,0,0,1,1263,1933,text,para_2
6MDH09,n,0,9,88,False,672,376,0,0,0,4921593,2111,0,0,0,0,0,0,1,1263,1933,text,para_2
6MDH09,n,0,9,88,False,671,376,0,0,0,4921605,2123,0,0,0,0,0,0,1,1263,1933,text,para_2
6MDH09,n,0,9,88,False,672,376,0,0,0,4921617,2135,0,0,0,0,0,0,1,1263,1933,text,para_2
6MDH09,n,0,9,88,False,672,376,0,0,0,4921629,2147,0,0,0,0,0,0,1,1263,1933,text,para_2
6MDH09,n,0,9,88,False,673,376,0,0,0,4921641,2159,0,0,0,0,0,0,1,1263,1933,text,para_2
6MDH09,n,0,9,88,False,673,377,0,0,0,4921653,2171,0,0,0,0,0,0,1,1263,1933,text,para_2
6MDH09,n,0,9,88,False,666,368,0,0,0,4921665,2183,0,0,0,0,0,0,1,1263,1933,text,para_2
6MDH09,n,0,9,88,False,642,317,0,0,0,4921677,2195,0,0,0,0,0,0,1,1263,1933,text,para_1
6MDH09,n,0,9,88,False,628,260,0,0,0,4921689,2207,0,0,0,0,0,0,1,1263,1933,text,para_1
6MDH09,n,0,9,88,False,629,198,0,0,0,4921701,2219,0,0,0,0,0,0,1,1263,1933,text,para_1
6MDH09,n,0,9,88,False,630,152,0,0,0,4921713,2231,0,0,0,0,0,0,1,1263,1933,text,para_1
6MDH09,n,0,9,88,False,630,130,0,0,0,4921725,2243,0,0,0,0,0,0,1,1263,1933,text,para_1
6MDH09,n,0,9,88,False,635,132,0,0,0,4921737,2255,0,0,0,0,0,0,1,1263,1933,text,para_1
6MDH09,n,0,9,88,False,634,129,0,0,0,4921749,2267,0,0,0,0,0,0,1,1263,1933,text,para_1
6MDH09,n,0,9,88,False,634,129,0,0,0,4921761,2279,0,0,0,0,0,0,1,1263,1933,text,para_1
6MDH09,n,0,9,88,False,635,129,0,0,0,4921773,2291,0,0,0,0,0,0,1,1263,1933,text,para_1
6MDH09,n,0,9,88,False,634,130,0,0,0,4921785,2303,0,0,0,0,0,0,1,1263,1933,text,para_1
6MDH09,n,0,9,88,False,635,129,0,0,0,4921797,2315,0,0,0,0,0,0,1,1263,1933,text,para_1
6MDH09,n,0,9,88,False,635,129,0,0,0,4921809,2327,0,0,0,0,0,0,1,1263,1933,text,para_1
6MDH09,n,0,9,88,False,635,129,0,0,0,4921821,2339,0,0,0,0,0,0,1,1263,1933,text,para_1
6MDH09,n,0,9,88,False,635,129,0,0,0,4921833,2351,0,0,0,0,0,0,1,1263,1933,text,para_1
6MDH09,n,0,9,88,False,636,129,0,0,0,4921845,2363,0,0,0,0,0,0,1,1263,1933,text,para_1
6MDH09,n,0,9,88,False,636,130,0,0,0,4921857,2375,0,0,0,0,0,0,1,1263,1933,text,para_1
6MDH09,n,0,9,88,False,636,130,0,0,0,4921869,2387,0,0,0,0,0,0,1,1263,1933,text,para_1
6MDH09,n,0,9,88,False,636,130,0,0,0,4921881,2399,0,0,0,0,0,0,1,1263,1933,text,para_1
6MDH09,n,0,9,88,False,636,130,0,0,0,4921893,2411,0,0,0,0,0,0,1,1263,1933,text,para_1
6MDH09,n,0,9,88,False,636,129,0,0,0,4921905,2423,0,0,0,0,0,0,1,1263,1933,text,para_1
6MDH09,n,0,9,88,False,637,129,0,0,0,4921917,2435,0,0,0,0,0,0,1,1263,1933,text,para_1
6MDH09,n,0,9,88,False,637,129,0,0,0,4921929,2447,0,0,0,0,0,0,1,1263,1933,text,para_1
6MDH09,n,0,9,88,False,637,129,0,0,0,4921941,2459,0,0,0,0,0,0,1,1263,1933,text,para_1
6MDH09,n,0,9,88,False,638,129,0,0,0,4921953,2471,0,0,0,0,0,0,1,1263,1933,text,para_1
6MDH09,n,0,9,88,False,638,129,0,0,0,4921965,2483,0,0,0,0,0,0,1,1263,1933,text,para_1
6MDH09,n,0,9,88,False,638,128,0,0,0,4921977,2495,0,0,0,0,0,0,1,1263,1933,text,para_1
6MDH09,n,0,9,88,False,639,128,0,0,0,4921989,2507,0,0,0,0,0,0,1,1263,1933,text,para_1
6MDH09,n,0,9,88,False,639,129,0,0,0,4922001,2519,0,0,0,0,0,0,1,1263,1933,text,para_1
6MDH09,n,0,9,88,False,638,129,0,0,0,4922013,2531,0,0,0,0,0,0,1,1263,1933,text,para_1
6MDH09,n,0,9,88,False,643,149,0,0,0,4922025,2543,0,0,0,0,0,0,1,1263,1933,text,para_1
6MDH09,n,0,9,88,False,667,213,0,0,0,4922037,2555,0,0,0,0,0,0,1,1263,1933,text,para_1
6MDH09,n,0,9,88,False,670,277,0,0,0,4922049,2567,0,0,0,0,0,0,1,1263,1933,text,para_1
6MDH09,n,0,9,88,False,676,341,0,0,0,4922061,2579,0,0,0,0,0,0,1,1263,1933,none,none
6MDH09,n,0,9,88,False,683,390,0,0,0,4922073,2591,0,0,0,0,0,0,1,1263,1933,text,para_2
6MDH09,n,0,9,88,False,681,373,0,0,0,4922085,2603,0,0,0,0,0,0,1,1263,1933,text,para_2
6MDH09,n,0,9,88,False,681,381,0,0,0,4922097,2615,0,0,0,0,0,0,1,1263,1933,text,para_2
6MDH09,n,0,9,88,False,682,384,0,0,0,4922109,2627,0,0,0,0,0,0,1,1263,1933,text,para_2
6MDH09,n,0,9,88,False,683,382,0,0,0,4922121,2639,0,0,0,0,0,0,1,1263,1933,text,para_2
6MDH09,n,0,9,88,False,682,382,0,0,0,4922133,2651,0,0,0,0,0,0,1,1263,1933,text,para_2
6MDH09,n,0,9,88,False,682,383,0,0,0,4922145,2663,0,0,0,0,0,0,1,1263,1933,text,para_2
6MDH09,n,0,9,88,False,682,385,0,0,0,4922157,2675,0,0,0,0,0,0,1,1263,1933,text,para_2
6MDH09,n,0,9,88,False,682,385,0,0,0,4922169,2687,0,0,0,0,0,0,1,1263,1933,text,para_2
6MDH09,n,0,9,88,False,682,385,0,0,0,4922181,2699,0,0,0,0,0,0,1,1263,1933,text,para_2
6MDH09,n,0,9,88,False,682,384,0,0,0,4922193,2711,0,0,0,0,0,0,1,1263,1933,text,para_2
6MDH09,n,0,9,88,False,683,384,0,0,0,4922205,2723,0,0,0,0,0,0,1,1263,1933,text,para_2
6MDH09,n,0,9,88,False,684,384,0,0,0,4922217,2735,0,0,0,0,0,0,1,1263,1933,text,para_2
6MDH09,n,0,9,88,False,683,383,0,0,0,4922229,2747,0,0,0,0,0,0,1,1263,1933,text,para_2
6MDH09,n,0,9,88,False,684,383,0,0,0,4922241,2759,0,0,0,0,0,0,1,1263,1933,text,para_2
6MDH09,n,0,9,88,False,684,383,0,0,0,4922253,2771,0,0,0,0,0,0,1,1263,1933,text,para_2
6MDH09,n,0,9,88,False,684,383,0,0,0,4922265,2783,0,0,0,0,0,0,1,1263,1933,text,para_2
6MDH09,n,0,9,88,False,685,383,0,0,0,4922277,2795,0,0,0,0,0,0,1,1263,1933,text,para_2
6MDH09,n,0,9,88,False,685,382,0,0,0,4922289,2807,0,0,0,0,0,0,1,1263,1933,text,para_2
6MDH09,n,0,9,88,False,685,383,0,0,0,4922301,2819,0,0,0,0,0,0,1,1263,1933,text,para_2
6MDH09,n,0,9,88,False,685,382,0,0,0,4922313,2831,0,0,0,0,0,0,1,1263,1933,text,para_2
6MDH09,n,0,9,88,False,686,382,0,0,0,4922325,2843,0,0,0,0,0,0,1,1263,1933,text,para_2
6MDH09,n,0,9,88,False,687,382,0,0,0,4922337,2855,0,0,0,0,0,0,1,1263,1933,text,para_2
6MDH09,n,0,9,88,False,687,381,0,0,0,4922349,2867,0,0,0,0,0,0,1,1263,1933,text,para_2
6MDH09,n,0,9,88,False,687,381,0,0,0,4922361,2879,0,0,0,0,0,0,1,1263,1933,text,para_2
6MDH09,n,0,9,88,False,687,382,0,0,0,4922373,2891,0,0,0,0,0,0,1,1263,1933,text,para_2
6MDH09,n,0,9,88,False,687,381,0,0,0,4922385,2903,0,0,0,0,0,0,1,1263,1933,text,para_2
6MDH09,n,0,9,88,False,687,381,0,0,0,4922397,2915,0,0,0,0,0,0,1,1263,1933,text,para_2
6MDH09,n,0,9,88,False,687,383,0,0,0,4922409,2927,0,0,0,0,0,0,1,1263,1933,text,para_2
6MDH09,n,0,9,88,False,692,380,0,0,0,4922421,2939,0,0,0,0,0,0,1,1263,1933,text,para_2
6MDH09,n,0,9,88,False,742,363,0,0,0,4922433,2951,0,0,0,0,0,0,1,1263,1933,text,para_2
6MDH09,n,0,9,88,False,771,352,0,0,0,4922445,2963,0,0,0,0,0,0,1,1263,1933,text,para_2
6MDH09,n,0,9,88,False,779,348,0,0,0,4922457,2975,0,0,0,0,0,0,1,1263,1933,none,none
6MDH09,n,0,9,88,False,779,350,0,0,0,4922469,2987,0,0,0,0,0,0,1,1263,1933,none,none
6MDH09,n,0,9,88,False,779,349,0,0,0,4922481,2999,0,0,0,0,0,0,1,1263,1933,none,none
6MDH09,n,0,9,88,False,779,350,0,0,0,4922493,3011,0,0,0,0,0,0,1,1263,1933,none,none
6MDH09,n,0,9,88,False,779,349,0,0,0,4922505,3023,0,0,0,0,0,0,1,1263,1933,none,none
6MDH09,n,0,9,88,False,779,349,0,0,0,4922517,3035,0,0,0,0,0,0,1,1263,1933,none,none
6MDH09,n,0,9,88,False,780,349,0,0,0,4922529,3047,0,0,0,0,0,0,1,1263,1933,none,none
6MDH09,n,0,9,88,False,779,349,0,0,0,4922541,3059,0,0,0,0,0,0,1,1263,1933,none,none
6MDH09,n,0,9,88,False,780,349,0,0,0,4922553,3071,0,0,0,0,0,0,1,1263,1933,none,none
6MDH09,n,0,9,88,False,773,345,0,0,0,4922565,3083,0,0,0,0,0,0,1,1263,1933,none,none
6MDH09,n,0,9,88,False,709,312,0,0,0,4922577,3095,0,0,0,0,0,0,1,1263,1933,text,para_1
6MDH09,n,0,9,88,False,672,286,0,0,0,4922589,3107,0,0,0,0,0,0,1,1263,1933,text,para_1
6MDH09,n,0,9,88,False,646,275,0,0,0,4922601,3119,0,0,0,0,0,0,1,1263,1933,text,para_1
6MDH09,n,0,9,88,False,652,275,0,0,0,4922613,3131,0,0,0,0,0,0,1,1263,1933,text,para_1
6MDH09,n,0,9,88,False,650,273,0,0,0,4922625,3143,0,0,0,0,0,0,1,1263,1933,text,para_1
6MDH09,n,0,9,88,False,649,273,0,0,0,4922637,3155,0,0,0,0,0,0,1,1263,1933,text,para_1
6MDH09,n,0,9,88,False,650,274,0,0,0,4922649,3167,0,0,0,0,0,0,1,1263,1933,text,para_1
6MDH09,n,0,9,88,False,650,273,0,0,0,4922661,3179,0,0,0,0,0,0,1,1263,1933,text,para_1
6MDH09,n,0,9,88,False,649,273,0,0,0,4922673,3191,0,0,0,0,0,0,1,1263,1933,text,para_1
6MDH09,n,0,9,88,False,650,274,0,0,0,4922685,3203,0,0,0,0,0,0,1,1263,1933,text,para_1
6MDH09,n,0,9,88,False,650,273,0,0,0,4922697,3215,0,0,0,0,0,0,1,1263,1933,text,para_1
6MDH09,n,0,9,88,False,649,273,0,0,0,4922709,3227,0,0,0,0,0,0,1,1263,1933,text,para_1
6MDH09,n,0,9,88,False,649,273,0,0,0,4922721,3239,0,0,0,0,0,0,1,1263,1933,text,para_1
6MDH09,n,0,9,88,False,649,273,0,0,0,4922733,3251,0,0,0,0,0,0,1,1263,1933,text,para_1
6MDH09,n,0,9,88,False,648,273,0,0,0,4922745,3263,0,0,0,0,0,0,1,1263,1933,text,para_1
6MDH09,n,0,9,88,False,648,273,0,0,0,4922757,3275,0,0,0,0,0,0,1,1263,1933,text,para_1
6MDH09,n,0,9,88,False,649,274,0,0,0,4922769,3287,0,0,0,0,0,0,1,1263,1933,text,para_1
6MDH09,n,0,9,88,False,648,273,0,0,0,4922781,3299,0,0,0,0,0,0,1,1263,1933,text,para_1
6MDH09,n,0,9,88,False,649,274,0,0,0,4922793,3311,0,0,0,0,0,0,1,1263,1933,text,para_1
6MDH09,n,0,9,88,False,648,274,0,0,0,4922805,3323,0,0,0,0,0,0,1,1263,1933,text,para_1
6MDH09,n,0,9,88,False,648,274,0,0,0,4922817,3335,0,0,0,0,0,0,1,1263,1933,text,para_1
6MDH09,n,0,9,88,False,648,273,0,0,0,4922829,3347,0,0,0,0,0,0,1,1263,1933,text,para_1
6MDH09,n,0,9,88,False,647,274,0,0,0,4922841,3359,0,0,0,0,0,0,1,1263,1933,text,para_1
6MDH09,n,0,9,88,False,648,274,0,0,0,4922853,3371,0,0,0,0,0,0,1,1263,1933,text,para_1
6MDH09,n,0,9,88,False,647,273,0,0,0,4922865,3383,0,0,0,0,0,0,1,1263,1933,text,para_1
6MDH09,n,0,9,88,False,648,273,0,0,0,4922877,3395,0,0,0,0,0,0,1,1263,1933,text,para_1
6MDH09,n,0,9,88,False,649,273,0,0,0,4922889,3407,0,0,0,0,0,0,1,1263,1933,text,para_1
6MDH09,n,0,9,88,False,625,254,0,0,0,4922901,3419,0,0,0,0,0,0,1,1263,1933,text,para_1
6MDH09,n,0,9,88,False,579,211,0,0,0,4922913,3431,0,0,0,0,0,0,1,1263,1933,text,para_1
6MDH09,n,0,9,88,False,560,160,0,0,0,4922925,3443,0,0,0,0,0,0,1,1263,1933,text,para_1
6MDH09,n,0,9,88,False,550,137,0,0,0,4922937,3455,0,0,0,0,0,0,1,1263,1933,text,para_1
6MDH09,n,0,9,88,False,537,130,0,0,0,4922949,3467,0,0,0,0,0,0,1,1263,1933,text,para_1
6MDH09,n,0,9,88,False,548,132,0,0,0,4922961,3479,0,0,0,0,0,0,1,1263,1933,text,para_1
6MDH09,n,0,9,88,False,546,131,0,0,0,4922973,3491,0,0,0,0,0,0,1,1263,1933,text,para_1
6MDH09,n,0,9,88,False,547,131,0,0,0,4922985,3503,0,0,0,0,0,0,1,1263,1933,text,para_1
6MDH09,n,0,9,88,False,548,132,0,0,0,4922997,3514,0,0,0,0,0,0,1,1263,1933,text,para_1
6MDH09,n,0,9,88,False,548,133,0,0,0,4923009,3527,0,0,0,0,0,0,1,1263,1933,text,para_1
6MDH09,n,0,9,88,False,548,132,0,0,0,4923021,3539,0,0,0,0,0,0,1,1263,1933,text,para_1
6MDH09,n,0,9,88,False,548,133,0,0,0,4923033,3551,0,0,0,0,0,0,1,1263,1933,text,para_1
6MDH09,n,0,9,88,False,548,134,0,0,0,4923045,3563,0,0,0,0,0,0,1,1263,1933,text,para_1
6MDH09,n,0,9,88,False,547,135,0,0,0,4923057,3575,0,0,0,0,0,0,1,1263,1933,text,para_1
6MDH09,n,0,9,88,False,547,135,0,0,0,4923069,3587,0,0,0,0,0,0,1,1263,1933,text,para_1
6MDH09,n,0,9,88,False,547,136,0,0,0,4923081,3599,0,0,0,0,0,0,1,1263,1933,text,para_1
6MDH09,n,0,9,88,False,547,136,0,0,0,4923093,3611,0,0,0,0,0,0,1,1263,1933,text,para_1
6MDH09,n,0,9,88,False,547,136,0,0,0,4923105,3623,0,0,0,0,0,0,1,1263,1933,text,para_1
6MDH09,n,0,9,88,False,547,136,0,0,0,4923117,3635,0,0,0,0,0,0,1,1263,1933,text,para_1
6MDH09,n,0,9,88,False,547,135,0,0,0,4923129,3647,0,0,0,0,0,0,1,1263,1933,text,para_1
6MDH09,n,0,9,88,False,547,135,0,0,0,4923141,3659,0,0,0,0,0,0,1,1263,1933,text,para_1
6MDH09,n,0,9,88,False,547,135,0,0,0,4923153,3670,0,0,0,0,0,0,1,1263,1933,text,para_1
6MDH09,n,0,9,88,False,547,136,0,0,0,4923165,3683,0,0,0,0,0,0,1,1263,1933,text,para_1
6MDH09,n,0,9,88,False,548,135,0,0,0,4923177,3695,0,0,0,0,0,0,1,1263,1933,text,para_1
6MDH09,n,0,9,88,False,548,135,0,0,0,4923189,3707,0,0,0,0,0,0,1,1263,1933,text,para_1
6MDH09,n,0,9,88,False,548,135,0,0,0,4923201,3719,0,0,0,0,0,0,1,1263,1933,text,para_1
6MDH09,n,0,9,88,False,527,125,0,0,0,4923213,3731,0,0,0,0,0,0,1,1263,1933,text,para_1
6MDH09,n,0,9,88,False,467,108,0,0,0,4923225,3743,0,0,0,0,0,0,1,1263,1933,text,para_1
6MDH09,n,0,9,88,False,415,95,0,0,0,4923237,3755,0,0,0,0,0,0,1,1263,1933,text,para_1
6MDH09,n,0,9,88,False,416,93,0,0,0,4923249,3767,0,0,0,0,0,0,1,1263,1933,text,para_1
6MDH09,n,0,9,88,False,420,92,0,0,0,4923261,3779,0,0,0,0,0,0,1,1263,1933,text,para_1
6MDH09,n,0,9,88,False,418,91,0,0,0,4923273,3791,0,0,0,0,0,0,1,1263,1933,text,para_1
6MDH09,n,0,9,88,False,419,92,0,0,0,4923285,3803,0,0,0,0,0,0,1,1263,1933,text,para_1
6MDH09,n,0,9,88,False,420,92,0,0,0,4923297,3815,0,0,0,0,0,0,1,1263,1933,text,para_1
6MDH09,n,0,9,88,False,420,93,0,0,0,4923309,3827,0,0,0,0,0,0,1,1263,1933,text,para_1
6MDH09,n,0,9,88,False,420,93,0,0,0,4923321,3839,0,0,0,0,0,0,1,1263,1933,text,para_1
6MDH09,n,0,9,88,False,420,92,0,0,0,4923333,3851,0,0,0,0,0,0,1,1263,1933,text,para_1
6MDH09,n,0,9,88,False,420,92,0,0,0,4923345,3863,0,0,0,0,0,0,1,1263,1933,text,para_1
6MDH09,n,0,9,88,False,420,93,0,0,0,4923357,3875,0,0,0,0,0,0,1,1263,1933,text,para_1
6MDH09,n,0,9,88,False,420,93,0,0,0,4923369,3887,0,0,0,0,0,0,1,1263,1933,text,para_1
6MDH09,n,0,9,88,False,420,93,0,0,0,4923381,3899,0,0,0,0,0,0,1,1263,1933,text,para_1
6MDH09,n,0,9,88,False,420,93,0,0,0,4923393,3911,0,0,0,0,0,0,1,1263,1933,text,para_1
6MDH09,n,0,9,88,False,420,94,0,0,0,4923405,3923,0,0,0,0,0,0,1,1263,1933,text,para_1
6MDH09,n,0,9,88,False,419,93,0,0,0,4923417,3935,0,0,0,0,0,0,1,1263,1933,text,para_1
6MDH09,n,0,9,88,False,420,94,0,0,0,4923429,3947,0,0,0,0,0,0,1,1263,1933,text,para_1
6MDH09,n,0,9,88,False,419,94,0,0,0,4923441,3959,0,0,0,0,0,0,1,1263,1933,text,para_1
6MDH09,n,0,9,88,False,419,94,0,0,0,4923453,3971,0,0,0,0,0,0,1,1263,1933,text,para_1
6MDH09,n,0,9,88,False,419,95,0,0,0,4923465,3982,0,0,0,0,0,0,1,1263,1933,text,para_1
6MDH09,n,0,9,88,False,419,96,0,0,0,4923477,3995,0,0,0,0,0,0,1,1263,1933,text,para_1
6MDH09,n,0,9,88,False,440,97,0,0,0,4923489,4007,0,0,0,0,0,0,1,1263,1933,text,para_1
6MDH09,n,0,9,88,False,511,113,0,0,0,4923501,4019,0,0,0,0,0,0,1,1263,1933,text,para_1
6MDH09,n,0,9,88,False,545,123,0,0,0,4923513,4031,0,0,0,0,0,0,1,1263,1933,text,para_1
6MDH09,n,0,9,88,False,544,131,0,0,0,4923525,4043,0,0,0,0,0,0,1,1263,1933,text,para_1
6MDH09,n,0,9,88,False,548,130,0,0,0,4923537,4055,0,0,0,0,0,0,1,1263,1933,text,para_1
6MDH09,n,0,9,88,False,549,131,0,0,0,4923549,4067,0,0,0,0,0,0,1,1263,1933,text,para_1
6MDH09,n,0,9,88,False,550,132,0,0,0,4923561,4079,0,0,0,0,0,0,1,1263,1933,text,para_1
6MDH09,n,0,9,88,False,550,133,0,0,0,4923573,4091,0,0,0,0,0,0,1,1263,1933,text,para_1
6MDH09,n,0,9,88,False,550,133,0,0,0,4923585,4103,0,0,0,0,0,0,1,1263,1933,text,para_1
6MDH09,n,0,9,88,False,550,133,0,0,0,4923597,4115,0,0,0,0,0,0,1,1263,1933,text,para_1
6MDH09,n,0,9,88,False,550,133,0,0,0,4923609,4127,0,0,0,0,0,0,1,1263,1933,text,para_1
6MDH09,n,0,9,88,False,550,133,0,0,0,4923621,4139,0,0,0,0,0,0,1,1263,1933,text,para_1
6MDH09,n,0,9,88,False,550,134,0,0,0,4923633,4150,0,0,0,0,0,0,1,1263,1933,text,para_1
6MDH09,n,0,9,88,False,550,134,0,0,0,4923645,4163,0,0,0,0,0,0,1,1263,1933,text,para_1
6MDH09,n,0,9,88,False,549,134,0,0,0,4923657,4175,0,0,0,0,0,0,1,1263,1933,text,para_1
6MDH09,n,0,9,88,False,549,135,0,0,0,4923669,4187,0,0,0,0,0,0,1,1263,1933,text,para_1
6MDH09,n,0,9,88,False,549,134,0,0,0,4923681,4199,0,0,0,0,0,0,1,1263,1933,text,para_1
6MDH09,n,0,9,88,False,549,134,0,0,0,4923693,4211,0,0,0,0,0,0,1,1263,1933,text,para_1
6MDH09,n,0,9,88,False,549,134,0,0,0,4923705,4223,0,0,0,0,0,0,1,1263,1933,text,para_1
6MDH09,n,0,9,88,False,549,134,0,0,0,4923717,4235,0,0,0,0,0,0,1,1263,1933,text,para_1
6MDH09,n,0,9,88,False,548,134,0,0,0,4923729,4247,0,0,0,0,0,0,1,1263,1933,text,para_1
6MDH09,n,0,9,88,False,548,134,0,0,0,4923741,4259,0,0,0,0,0,0,1,1263,1933,text,para_1
6MDH09,n,0,9,88,False,548,135,0,0,0,4923753,4271,0,0,0,0,0,0,1,1263,1933,text,para_1
6MDH09,n,0,9,88,False,547,135,0,0,0,4923765,4283,0,0,0,0,0,0,1,1263,1933,text,para_1
6MDH09,n,0,9,88,False,547,136,0,0,0,4923777,4295,0,0,0,0,0,0,1,1263,1933,text,para_1
6MDH09,n,0,9,88,False,547,135,0,0,0,4923789,4306,0,0,0,0,0,0,1,1263,1933,text,para_1
6MDH09,n,0,9,88,False,547,136,0,0,0,4923801,4319,0,0,0,0,0,0,1,1263,1933,text,para_1
6MDH09,n,0,9,88,False,547,135,0,0,0,4923813,4331,0,0,0,0,0,0,1,1263,1933,text,para_1
6MDH09,n,0,9,88,False,547,134,0,0,0,4923825,4343,0,0,0,0,0,0,1,1263,1933,text,para_1
6MDH09,n,0,9,88,False,535,107,0,0,0,4923837,4355,0,0,0,0,0,0,1,1263,1933,text,para_1
6MDH09,n,0,9,88,False,541,88,0,0,0,4923849,4367,0,0,0,0,0,0,1,1263,1933,text,para_1
6MDH09,n,0,9,88,False,556,79,0,0,0,4923861,4379,0,0,0,0,0,0,1,1263,1933,text,para_1
6MDH09,n,0,9,88,False,564,85,0,0,0,4923873,4390,0,0,0,0,0,0,1,1263,1933,text,para_1
6MDH09,n,0,9,88,False,562,84,0,0,0,4923885,4403,0,0,0,0,0,0,1,1263,1933,text,para_1
6MDH09,n,0,9,88,False,563,84,0,0,0,4923897,4415,0,0,0,0,0,0,1,1263,1933,text,para_1
6MDH09,n,0,9,88,False,563,85,0,0,0,4923909,4426,0,0,0,0,0,0,1,1263,1933,text,para_1
6MDH09,n,0,9,88,False,563,85,0,0,0,4923921,4439,0,0,0,0,0,0,1,1263,1933,text,para_1
6MDH09,n,0,9,88,False,563,85,0,0,0,4923933,4451,0,0,0,0,0,0,1,1263,1933,text,para_1
6MDH09,n,0,9,88,False,563,86,0,0,0,4923945,4463,0,0,0,0,0,0,1,1263,1933,text,para_1
6MDH09,n,0,9,88,False,563,86,0,0,0,4923957,4475,0,0,0,0,0,0,1,1263,1933,text,para_1
6MDH09,n,0,9,88,False,564,87,0,0,0,4923969,4487,0,0,0,0,0,0,1,1263,1933,text,para_1
6MDH09,n,0,9,88,False,563,87,0,0,0,4923981,4499,0,0,0,0,0,0,1,1263,1933,text,para_1
6MDH09,n,0,9,88,False,563,87,0,0,0,4923993,4511,0,0,0,0,0,0,1,1263,1933,text,para_1
6MDH09,n,0,9,88,False,563,87,0,0,0,4924005,4523,0,0,0,0,0,0,1,1263,1933,text,para_1
6MDH09,n,0,9,88,False,564,87,0,0,0,4924017,4535,0,0,0,0,0,0,1,1263,1933,text,para_1
6MDH09,n,0,9,88,False,564,88,0,0,0,4924029,4547,0,0,0,0,0,0,1,1263,1933,text,para_1
6MDH09,n,0,9,88,False,568,88,0,0,0,4924041,4559,0,0,0,0,0,0,1,1263,1933,text,para_1
6MDH09,n,0,9,88,False,635,95,0,0,0,4924053,4571,0,0,0,0,0,0,1,1263,1933,text,para_1
6MDH09,n,0,9,88,False,702,95,0,0,0,4924065,4583,0,0,0,0,0,0,1,1263,1933,text,para_1
6MDH09,n,0,9,88,False,736,98,0,0,0,4924077,4595,0,0,0,0,0,0,1,1263,1933,text,para_1
6MDH09,n,0,9,88,False,733,100,0,0,0,4924089,4607,0,0,0,0,0,0,1,1263,1933,text,para_1
6MDH09,n,0,9,88,False,740,101,0,0,0,4924101,4619,0,0,0,0,0,0,1,1263,1933,text,para_1
6MDH09,n,0,9,88,False,740,101,0,0,0,4924113,4631,0,0,0,0,0,0,1,1263,1933,text,para_1
6MDH09,n,0,9,88,False,740,102,0,0,0,4924125,4643,0,0,0,0,0,0,1,1263,1933,text,para_1
6MDH09,n,0,9,88,False,740,102,0,0,0,4924137,4655,0,0,0,0,0,0,1,1263,1933,text,para_1
6MDH09,n,0,9,88,False,740,103,0,0,0,4924149,4667,0,0,0,0,0,0,1,1263,1933,text,para_1
6MDH09,n,0,9,88,False,740,102,0,0,0,4924161,4679,0,0,0,0,0,0,1,1263,1933,text,para_1
6MDH09,n,0,9,88,False,740,103,0,0,0,4924173,4691,0,0,0,0,0,0,1,1263,1933,text,para_1
6MDH09,n,0,9,88,False,740,103,0,0,0,4924185,4703,0,0,0,0,0,0,1,1263,1933,text,para_1
6MDH09,n,0,9,88,False,740,103,0,0,0,4924197,4715,0,0,0,0,0,0,1,1263,1933,text,para_1
6MDH09,n,0,9,88,False,739,103,0,0,0,4924209,4727,0,0,0,0,0,0,1,1263,1933,text,para_1
6MDH09,n,0,9,88,False,739,103,0,0,0,4924221,4739,0,0,0,0,0,0,1,1263,1933,text,para_1
6MDH09,n,0,9,88,False,739,103,0,0,0,4924233,4751,0,0,0,0,0,0,1,1263,1933,text,para_1
6MDH09,n,0,9,88,False,738,103,0,0,0,4924245,4763,0,0,0,0,0,0,1,1263,1933,text,para_1
6MDH09,n,0,9,88,False,738,104,0,0,0,4924257,4774,0,0,0,0,0,0,1,1263,1933,text,para_1
6MDH09,n,0,9,88,False,738,104,0,0,0,4924269,4787,0,0,0,0,0,0,1,1263,1933,text,para_1
6MDH09,n,0,9,88,False,737,104,0,0,0,4924281,4799,0,0,0,0,0,0,1,1263,1933,text,para_1
6MDH09,n,0,9,88,False,737,104,0,0,0,4924293,4811,0,0,0,0,0,0,1,1263,1933,text,para_1
6MDH09,n,0,9,88,False,738,105,0,0,0,4924305,4823,0,0,0,0,0,0,1,1263,1933,text,para_1
6MDH09,n,0,9,88,False,737,105,0,0,0,4924317,4834,0,0,0,0,0,0,1,1263,1933,text,para_1
6MDH09,n,0,9,88,False,736,105,0,0,0,4924329,4847,0,0,0,0,0,0,1,1263,1933,text,para_1
6MDH09,n,0,9,88,False,736,104,0,0,0,4924341,4858,0,0,0,0,0,0,1,1263,1933,text,para_1
6MDH09,n,0,9,88,False,736,104,0,0,0,4924353,4870,0,0,0,0,0,0,1,1263,1933,text,para_1
6MDH09,n,0,9,88,False,736,104,0,0,0,4924365,4883,0,0,0,0,0,0,1,1263,1933,text,para_1
6MDH09,n,0,9,88,False,736,104,0,0,0,4924377,4894,0,0,0,0,0,0,1,1263,1933,text,para_1
6MDH09,n,0,9,88,False,736,104,0,0,0,4924389,4907,0,0,0,0,0,0,1,1263,1933,text,para_1
6MDH09,n,0,9,88,False,736,104,0,0,0,4924401,4918,0,0,0,0,0,0,1,1263,1933,text,para_1
6MDH09,n,0,9,88,False,736,105,0,0,0,4924413,4931,0,0,0,0,0,0,1,1263,1933,text,para_1
6MDH09,n,0,9,88,False,737,104,0,0,0,4924425,4943,0,0,0,0,0,0,1,1263,1933,text,para_1
6MDH09,n,0,9,88,False,736,104,0,0,0,4924437,4955,0,0,0,0,0,0,1,1263,1933,text,para_1
6MDH09,n,0,9,88,False,736,106,0,0,0,4924449,4967,0,0,0,0,0,0,1,1263,1933,text,para_1
6MDH09,n,0,9,88,False,736,106,0,0,0,4924461,4979,0,0,0,0,0,0,1,1263,1933,text,para_1
6MDH09,n,0,9,88,False,736,110,0,0,0,4924473,4991,0,0,0,0,0,0,1,1263,1933,text,para_1
6MDH09,n,0,9,88,False,738,152,0,0,0,4924485,5003,0,0,0,0,0,0,1,1263,1933,text,para_1
6MDH09,n,0,9,88,False,734,174,0,0,0,4924497,5014,0,0,0,0,0,0,1,1263,1933,text,para_1
6MDH09,n,0,9,88,False,738,169,0,0,0,4924509,5026,0,0,0,0,0,0,1,1263,1933,text,para_1
6MDH09,n,0,9,88,False,737,172,0,0,0,4924521,5039,0,0,0,0,0,0,1,1263,1933,text,para_1
6MDH09,n,0,9,88,False,738,174,0,0,0,4924533,5051,0,0,0,0,0,0,1,1263,1933,text,para_1
6MDH09,n,0,9,88,False,739,174,0,0,0,4924545,5063,0,0,0,0,0,0,1,1263,1933,text,para_1
6MDH09,n,0,9,88,False,739,174,0,0,0,4924557,5075,0,0,0,0,0,0,1,1263,1933,text,para_1
6MDH09,n,0,9,88,False,739,173,0,0,0,4924569,5087,0,0,0,0,0,0,1,1263,1933,text,para_1
6MDH09,n,0,9,88,False,739,174,0,0,0,4924581,5098,0,0,0,0,0,0,1,1263,1933,text,para_1
6MDH09,n,0,9,88,False,739,174,0,0,0,4924593,5110,0,0,0,0,0,0,1,1263,1933,text,para_1
6MDH09,n,0,9,88,False,739,175,0,0,0,4924605,5123,0,0,0,0,0,0,1,1263,1933,text,para_1
6MDH09,n,0,9,88,False,740,174,0,0,0,4924617,5135,0,0,0,0,0,0,1,1263,1933,text,para_1
6MDH09,n,0,9,88,False,739,174,0,0,0,4924629,5147,0,0,0,0,0,0,1,1263,1933,text,para_1
6MDH09,n,0,9,88,False,740,175,0,0,0,4924641,5158,0,0,0,0,0,0,1,1263,1933,text,para_1
6MDH09,n,0,9,88,False,740,175,0,0,0,4924653,5170,0,0,0,0,0,0,1,1263,1933,text,para_1
6MDH09,n,0,9,88,False,740,174,0,0,0,4924665,5182,0,0,0,0,0,0,1,1263,1933,text,para_1
6MDH09,n,0,9,88,False,741,174,0,0,0,4924677,5194,0,0,0,0,0,0,1,1263,1933,text,para_1
6MDH09,n,0,9,88,False,741,174,0,0,0,4924689,5207,0,0,0,0,0,0,1,1263,1933,text,para_1
6MDH09,n,0,9,88,False,741,173,0,0,0,4924701,5219,0,0,0,0,0,0,1,1263,1933,text,para_1
6MDH09,n,0,9,88,False,740,174,0,0,0,4924713,5231,0,0,0,0,0,0,1,1263,1933,text,para_1
6MDH09,n,0,9,88,False,740,173,0,0,0,4924725,5242,0,0,0,0,0,0,1,1263,1933,text,para_1
6MDH09,n,0,9,88,False,742,174,0,0,0,4924737,5254,0,0,0,0,0,0,1,1263,1933,text,para_1
6MDH09,n,0,9,88,False,772,178,0,0,0,4924749,5267,0,0,0,0,0,0,1,1263,1933,text,para_1
6MDH09,n,0,9,88,False,782,185,0,0,0,4924761,5279,0,0,0,0,0,0,1,1263,1933,text,para_1
6MDH09,n,0,9,88,False,779,184,0,0,0,4924773,5291,0,0,0,0,0,0,1,1263,1933,text,para_1
6MDH09,n,0,9,88,False,779,185,0,0,0,4924785,5303,0,0,0,0,0,0,1,1263,1933,text,para_1
6MDH09,n,0,9,88,False,780,186,0,0,0,4924797,5314,0,0,0,0,0,0,1,1263,1933,text,para_1
6MDH09,n,0,9,88,False,780,185,0,0,0,4924809,5327,0,0,0,0,0,0,1,1263,1933,text,para_1
6MDH09,n,0,9,88,False,780,185,0,0,0,4924821,5338,0,0,0,0,0,0,1,1263,1933,text,para_1
6MDH09,n,0,9,88,False,781,185,0,0,0,4924833,5350,0,0,0,0,0,0,1,1263,1933,text,para_1
6MDH09,n,0,9,88,False,781,186,0,0,0,4924845,5363,0,0,0,0,0,0,1,1263,1933,text,para_1
6MDH09,n,0,9,88,False,781,186,0,0,0,4924857,5375,0,0,0,0,0,0,1,1263,1933,text,para_1
6MDH09,n,0,9,88,False,782,186,0,0,0,4924869,5387,0,0,0,0,0,0,1,1263,1933,text,para_1
6MDH09,n,0,9,88,False,782,185,0,0,0,4924881,5399,0,0,0,0,0,0,1,1263,1933,text,para_1
6MDH09,n,0,9,88,False,781,185,0,0,0,4924893,5410,0,0,0,0,0,0,1,1263,1933,text,para_1
6MDH09,n,0,9,88,False,781,185,0,0,0,4924905,5422,0,0,0,0,0,0,1,1263,1933,text,para_1
6MDH09,n,0,9,88,False,786,186,0,0,0,4924917,5434,0,0,0,0,0,0,1,1263,1933,text,para_1
6MDH09,n,0,9,88,False,829,185,0,0,0,4924929,5447,0,0,0,0,0,0,1,1263,1933,text,para_1
6MDH09,n,0,9,88,False,837,182,0,0,0,4924941,5459,0,0,0,0,0,0,1,1263,1933,text,para_1
6MDH09,n,0,9,88,False,838,183,0,0,0,4924953,5470,0,0,0,0,0,0,1,1263,1933,text,para_1
6MDH09,n,0,9,88,False,839,183,0,0,0,4924965,5483,0,0,0,0,0,0,1,1263,1933,text,para_1
6MDH09,n,0,9,88,False,839,184,0,0,0,4924977,5494,0,0,0,0,0,0,1,1263,1933,text,para_1
6MDH09,n,0,9,88,False,839,184,0,0,0,4924989,5507,0,0,0,0,0,0,1,1263,1933,text,para_1
6MDH09,n,0,9,88,False,839,184,0,0,0,4925001,5519,0,0,0,0,0,0,1,1263,1933,text,para_1
6MDH09,n,0,9,88,False,839,184,0,0,0,4925013,5531,0,0,0,0,0,0,1,1263,1933,text,para_1
6MDH09,n,0,9,88,False,840,184,0,0,0,4925025,5543,0,0,0,0,0,0,1,1263,1933,text,para_1
6MDH09,n,0,9,88,False,839,184,0,0,0,4925037,5554,0,0,0,0,0,0,1,1263,1933,text,para_1
6MDH09,n,0,9,88,False,840,184,0,0,0,4925049,5566,0,0,0,0,0,0,1,1263,1933,text,para_1
6MDH09,n,0,9,88,False,840,184,0,0,0,4925061,5578,0,0,0,0,0,0,1,1263,1933,text,para_1
6MDH09,n,0,9,88,False,840,184,0,0,0,4925073,5590,0,0,0,0,0,0,1,1263,1933,text,para_1
6MDH09,n,0,9,88,False,840,184,0,0,0,4925085,5603,0,0,0,0,0,0,1,1263,1933,text,para_1
6MDH09,n,0,9,88,False,816,188,0,0,0,4925097,5615,0,0,0,0,0,0,1,1263,1933,text,para_1
6MDH09,n,0,9,88,False,674,206,0,0,0,4925109,5626,0,0,0,0,0,0,1,1263,1933,text,para_1
6MDH09,n,0,9,88,False,565,206,0,0,0,4925121,5638,0,0,0,0,0,0,1,1263,1933,text,para_1
6MDH09,n,0,9,88,False,480,204,0,0,0,4925133,5651,0,0,0,0,0,0,1,1263,1933,text,para_1
6MDH09,n,0,9,88,False,457,205,0,0,0,4925145,5662,0,0,0,0,0,0,1,1263,1933,text,para_1
6MDH09,n,0,9,88,False,468,203,0,0,0,4925157,5674,0,0,0,0,0,0,1,1263,1933,text,para_1
6MDH09,n,0,9,88,False,461,202,0,0,0,4925169,5686,0,0,0,0,0,0,1,1263,1933,text,para_1
6MDH09,n,0,9,88,False,466,202,0,0,0,4925181,5698,0,0,0,0,0,0,1,1263,1933,text,para_1
6MDH09,n,0,9,88,False,465,202,0,0,0,4925193,5710,0,0,0,0,0,0,1,1263,1933,text,para_1
6MDH09,n,0,9,88,False,466,202,0,0,0,4925205,5723,0,0,0,0,0,0,1,1263,1933,text,para_1
6MDH09,n,0,9,88,False,466,202,0,0,0,4925217,5734,0,0,0,0,0,0,1,1263,1933,text,para_1
6MDH09,n,0,9,88,False,465,202,0,0,0,4925229,5746,0,0,0,0,0,0,1,1263,1933,text,para_1
6MDH09,n,0,9,88,False,465,202,0,0,0,4925241,5759,0,0,0,0,0,0,1,1263,1933,text,para_1
6MDH09,n,0,9,88,False,465,202,0,0,0,4925253,5771,0,0,0,0,0,0,1,1263,1933,text,para_1
6MDH09,n,0,9,88,False,465,203,0,0,0,4925265,5782,0,0,0,0,0,0,1,1263,1933,text,para_1
6MDH09,n,0,9,88,False,465,202,0,0,0,4925277,5794,0,0,0,0,0,0,1,1263,1933,text,para_1
6MDH09,n,0,9,88,False,465,203,0,0,0,4925289,5806,0,0,0,0,0,0,1,1263,1933,text,para_1
6MDH09,n,0,9,88,False,465,203,0,0,0,4925301,5818,0,0,0,0,0,0,1,1263,1933,text,para_1
6MDH09,n,0,9,88,False,464,203,0,0,0,4925313,5830,0,0,0,0,0,0,1,1263,1933,text,para_1
6MDH09,n,0,9,88,False,465,203,0,0,0,4925325,5843,0,0,0,0,0,0,1,1263,1933,text,para_1
6MDH09,n,0,9,88,False,465,202,0,0,0,4925337,5855,0,0,0,0,0,0,1,1263,1933,text,para_1
6MDH09,n,0,9,88,False,465,203,0,0,0,4925349,5867,0,0,0,0,0,0,1,1263,1933,text,para_1
6MDH09,n,0,9,88,False,464,203,0,0,0,4925361,5879,0,0,0,0,0,0,1,1263,1933,text,para_1
6MDH09,n,0,9,88,False,464,202,0,0,0,4925373,5890,0,0,0,0,0,0,1,1263,1933,text,para_1
6MDH09,n,0,9,88,False,464,202,0,0,0,4925385,5902,0,0,0,0,0,0,1,1263,1933,text,para_1
6MDH09,n,0,9,88,False,464,203,0,0,0,4925397,5914,0,0,0,0,0,0,1,1263,1933,text,para_1
6MDH09,n,0,9,88,False,470,194,0,0,0,4925409,5927,0,0,0,0,0,0,1,1263,1933,text,para_1
6MDH09,n,0,9,88,False,482,194,0,0,0,4925421,5939,0,0,0,0,0,0,1,1263,1933,text,para_1
6MDH09,n,0,9,88,False,484,192,0,0,0,4925433,5951,0,0,0,0,0,0,1,1263,1933,text,para_1
6MDH09,n,0,9,88,False,492,190,0,0,0,4925445,5962,0,0,0,0,0,0,1,1263,1933,text,para_1
6MDH09,n,0,9,88,False,491,191,0,0,0,4925457,5974,0,0,0,0,0,0,1,1263,1933,text,para_1
6MDH09,n,0,9,88,False,491,191,0,0,0,4925469,5986,0,0,0,0,0,0,1,1263,1933,text,para_1
6MDH09,n,0,9,88,False,491,191,0,0,0,4925481,5999,0,0,0,0,0,0,1,1263,1933,text,para_1
6MDH09,n,0,9,88,False,491,191,0,0,0,4925493,6010,0,0,0,0,0,0,1,1263,1933,text,para_1
6MDH09,n,0,9,88,False,491,191,0,0,0,4925505,6022,0,0,0,0,0,0,1,1263,1933,text,para_1
6MDH09,n,0,9,88,False,491,191,0,0,0,4925517,6034,0,0,0,0,0,0,1,1263,1933,text,para_1
6MDH09,n,0,9,88,False,491,191,0,0,0,4925529,6046,0,0,0,0,0,0,1,1263,1933,text,para_1
6MDH09,n,0,9,88,False,491,191,0,0,0,4925541,6058,0,0,0,0,0,0,1,1263,1933,text,para_1
6MDH09,n,0,9,88,False,490,191,0,0,0,4925553,6070,0,0,0,0,0,0,1,1263,1933,text,para_1
6MDH09,n,0,9,88,False,490,191,0,0,0,4925565,6083,0,0,0,0,0,0,1,1263,1933,text,para_1
6MDH09,n,0,9,88,False,491,191,0,0,0,4925577,6095,0,0,0,0,0,0,1,1263,1933,text,para_1
6MDH09,n,0,9,88,False,491,192,0,0,0,4925589,6107,0,0,0,0,0,0,1,1263,1933,text,para_1
6MDH09,n,0,9,88,False,507,185,0,0,0,4925601,6118,0,0,0,0,0,0,1,1263,1933,text,para_1
6MDH09,n,0,9,88,False,599,188,0,0,0,4925613,6130,0,0,0,0,0,0,1,1263,1933,text,para_1
6MDH09,n,0,9,88,False,653,183,0,0,0,4925625,6142,0,0,0,0,0,0,1,1263,1933,text,para_1
6MDH09,n,0,9,88,False,664,190,0,0,0,4925637,6154,0,0,0,0,0,0,1,1263,1933,text,para_1
6MDH09,n,0,9,88,False,665,189,0,0,0,4925649,6166,0,0,0,0,0,0,1,1263,1933,text,para_1
6MDH09,n,0,9,88,False,670,189,0,0,0,4925661,6179,0,0,0,0,0,0,1,1263,1933,text,para_1
6MDH09,n,0,9,88,False,669,191,0,0,0,4925673,6190,0,0,0,0,0,0,1,1263,1933,text,para_1
6MDH09,n,0,9,88,False,669,191,0,0,0,4925685,6202,0,0,0,0,0,0,1,1263,1933,text,para_1
6MDH09,n,0,9,88,False,669,192,0,0,0,4925697,6214,0,0,0,0,0,0,1,1263,1933,text,para_1
6MDH09,n,0,9,88,False,670,191,0,0,0,4925709,6227,0,0,0,0,0,0,1,1263,1933,text,para_1
6MDH09,n,0,9,88,False,670,192,0,0,0,4925721,6239,0,0,0,0,0,0,1,1263,1933,text,para_1
6MDH09,n,0,9,88,False,669,192,0,0,0,4925733,6251,0,0,0,0,0,0,1,1263,1933,text,para_1
6MDH09,n,0,9,88,False,669,191,0,0,0,4925745,6262,0,0,0,0,0,0,1,1263,1933,text,para_1
6MDH09,n,0,9,88,False,669,192,0,0,0,4925757,6274,0,0,0,0,0,0,1,1263,1933,text,para_1
6MDH09,n,0,9,88,False,669,192,0,0,0,4925769,6286,0,0,0,0,0,0,1,1263,1933,text,para_1
6MDH09,n,0,9,88,False,669,192,0,0,0,4925781,6298,0,0,0,0,0,0,1,1263,1933,text,para_1
6MDH09,n,0,9,88,False,669,192,0,0,0,4925793,6310,0,0,0,0,0,0,1,1263,1933,text,para_1
6MDH09,n,0,9,88,False,669,192,0,0,0,4925805,6323,0,0,0,0,0,0,1,1263,1933,text,para_1
6MDH09,n,0,9,88,False,669,193,0,0,0,4925817,6335,0,0,0,0,0,0,1,1263,1933,text,para_1
6MDH09,n,0,9,88,False,668,192,0,0,0,4925829,6346,0,0,0,0,0,0,1,1263,1933,text,para_1
6MDH09,n,0,9,88,False,668,193,0,0,0,4925841,6358,0,0,0,0,0,0,1,1263,1933,text,para_1
6MDH09,n,0,9,88,False,668,193,0,0,0,4925853,6370,0,0,0,0,0,0,1,1263,1933,text,para_1
6MDH09,n,0,9,88,False,667,193,0,0,0,4925865,6383,0,0,0,0,0,0,1,1263,1933,text,para_1
6MDH09,n,0,9,88,False,667,192,0,0,0,4925877,6394,0,0,0,0,0,0,1,1263,1933,text,para_1
6MDH09,n,0,9,88,False,667,192,0,0,0,4925889,6406,0,0,0,0,0,0,1,1263,1933,text,para_1
6MDH09,n,0,9,88,False,668,192,0,0,0,4925901,6418,0,0,0,0,0,0,1,1263,1933,text,para_1
6MDH09,n,0,9,88,False,668,191,0,0,0,4925913,6430,0,0,0,0,0,0,1,1263,1933,text,para_1
6MDH09,n,0,9,88,False,667,191,0,0,0,4925925,6442,0,0,0,0,0,0,1,1263,1933,text,para_1
6MDH09,n,0,9,88,False,667,191,0,0,0,4925937,6454,0,0,0,0,0,0,1,1263,1933,text,para_1
6MDH09,n,0,9,88,False,668,191,0,0,0,4925949,6466,0,0,0,0,0,0,1,1263,1933,text,para_1
6MDH09,n,0,9,88,False,668,191,0,0,0,4925961,6478,0,0,0,0,0,0,1,1263,1933,text,para_1
6MDH09,n,0,9,88,False,668,190,0,0,0,4925973,6490,0,0,0,0,0,0,1,1263,1933,text,para_1
6MDH09,n,0,9,88,False,668,191,0,0,0,4925985,6502,0,0,0,0,0,0,1,1263,1933,text,para_1
6MDH09,n,0,9,88,False,664,181,0,0,0,4925997,6514,0,0,0,0,0,0,1,1263,1933,text,para_1
6MDH09,n,0,9,88,False,663,165,0,0,0,4926009,6527,0,0,0,0,0,0,1,1263,1933,text,para_1
6MDH09,n,0,9,88,False,666,162,0,0,0,4926021,6538,0,0,0,0,0,0,1,1263,1933,text,para_1
6MDH09,n,0,9,88,False,667,164,0,0,0,4926033,6550,0,0,0,0,0,0,1,1263,1933,text,para_1
6MDH09,n,0,9,88,False,666,164,0,0,0,4926045,6562,0,0,0,0,0,0,1,1263,1933,text,para_1
6MDH09,n,0,9,88,False,666,164,0,0,0,4926057,6574,0,0,0,0,0,0,1,1263,1933,text,para_1
6MDH09,n,0,9,88,False,666,164,0,0,0,4926069,6586,0,0,0,0,0,0,1,1263,1933,text,para_1
6MDH09,n,0,9,88,False,667,164,0,0,0,4926081,6598,0,0,0,0,0,0,1,1263,1933,text,para_1
6MDH09,n,0,9,88,False,667,163,0,0,0,4926093,6610,0,0,0,0,0,0,1,1263,1933,text,para_1
6MDH09,n,0,9,88,False,667,164,0,0,0,4926105,6622,0,0,0,0,0,0,1,1263,1933,text,para_1
6MDH09,n,0,9,88,False,666,164,0,0,0,4926117,6634,0,0,0,0,0,0,1,1263,1933,text,para_1
6MDH09,n,0,9,88,False,666,164,0,0,0,4926129,6647,0,0,0,0,0,0,1,1263,1933,text,para_1
6MDH09,n,0,9,88,False,666,164,0,0,0,4926141,6658,0,0,0,0,0,0,1,1263,1933,text,para_1
6MDH09,n,0,9,88,False,665,164,0,0,0,4926153,6670,0,0,0,0,0,0,1,1263,1933,text,para_1
6MDH09,n,0,9,88,False,665,164,0,0,0,4926165,6682,0,0,0,0,0,0,1,1263,1933,text,para_1
6MDH09,n,0,9,88,False,665,164,0,0,0,4926177,6694,0,0,0,0,0,0,1,1263,1933,text,para_1
6MDH09,n,0,9,88,False,665,165,0,0,0,4926189,6706,0,0,0,0,0,0,1,1263,1933,text,para_1
6MDH09,n,0,9,88,False,646,168,0,0,0,4926201,6718,0,0,0,0,0,0,1,1263,1933,text,para_1
6MDH09,n,0,9,88,False,561,159,0,0,0,4926213,6730,0,0,0,0,0,0,1,1263,1933,text,para_1
6MDH09,n,0,9,88,False,508,155,0,0,0,4926225,6742,0,0,0,0,0,0,1,1263,1933,text,para_1
6MDH09,n,0,9,88,False,495,159,0,0,0,4926237,6754,0,0,0,0,0,0,1,1263,1933,text,para_1
6MDH09,n,0,9,88,False,502,159,0,0,0,4926249,6766,0,0,0,0,0,0,1,1263,1933,text,para_1
6MDH09,n,0,9,88,False,497,158,0,0,0,4926261,6778,0,0,0,0,0,0,1,1263,1933,text,para_1
6MDH09,n,0,9,88,False,499,157,0,0,0,4926273,6790,0,0,0,0,0,0,1,1263,1933,text,para_1
6MDH09,n,0,9,88,False,499,158,0,0,0,4926285,6803,0,0,0,0,0,0,1,1263,1933,text,para_1
6MDH09,n,0,9,88,False,499,157,0,0,0,4926297,6815,0,0,0,0,0,0,1,1263,1933,text,para_1
6MDH09,n,0,9,88,False,499,157,0,0,0,4926309,6826,0,0,0,0,0,0,1,1263,1933,text,para_1
6MDH09,n,0,9,88,False,498,157,0,0,0,4926321,6838,0,0,0,0,0,0,1,1263,1933,text,para_1
6MDH09,n,0,9,88,False,499,157,0,0,0,4926333,6850,0,0,0,0,0,0,1,1263,1933,text,para_1
6MDH09,n,0,9,88,False,499,157,0,0,0,4926345,6862,0,0,0,0,0,0,1,1263,1933,text,para_1
6MDH09,n,0,9,88,False,498,157,0,0,0,4926357,6874,0,0,0,0,0,0,1,1263,1933,text,para_1
6MDH09,n,0,9,88,False,498,157,0,0,0,4926369,6886,0,0,0,0,0,0,1,1263,1933,text,para_1
6MDH09,n,0,9,88,False,498,157,0,0,0,4926381,6898,0,0,0,0,0,0,1,1263,1933,text,para_1
6MDH09,n,0,9,88,False,498,156,0,0,0,4926393,6910,0,0,0,0,0,0,1,1263,1933,text,para_1
6MDH09,n,0,9,88,False,499,156,0,0,0,4926405,6922,0,0,0,0,0,0,1,1263,1933,text,para_1
6MDH09,n,0,9,88,False,498,157,0,0,0,4926417,6934,0,0,0,0,0,0,1,1263,1933,text,para_1
6MDH09,n,0,9,88,False,498,157,0,0,0,4926429,6946,0,0,0,0,0,0,1,1263,1933,text,para_1
6MDH09,n,0,9,88,False,499,156,0,0,0,4926441,6958,0,0,0,0,0,0,1,1263,1933,text,para_1
6MDH09,n,0,9,88,False,498,157,0,0,0,4926453,6971,0,0,0,0,0,0,1,1263,1933,text,para_1
6MDH09,n,0,9,88,False,498,157,0,0,0,4926465,6982,0,0,0,0,0,0,1,1263,1933,text,para_1
6MDH09,n,0,9,88,False,498,157,0,0,0,4926477,6994,0,0,0,0,0,0,1,1263,1933,text,para_1
6MDH09,n,0,9,88,False,498,157,0,0,0,4926489,7006,0,0,0,0,0,0,1,1263,1933,text,para_1
6MDH09,n,0,9,88,False,498,157,0,0,0,4926501,7018,0,0,0,0,0,0,1,1263,1933,text,para_1
6MDH09,n,0,9,88,False,498,157,0,0,0,4926513,7030,0,0,0,0,0,0,1,1263,1933,text,para_1
6MDH09,n,0,9,88,False,498,157,0,0,0,4926525,7042,0,0,0,0,0,0,1,1263,1933,text,para_1
6MDH09,n,0,9,88,False,498,157,0,0,0,4926537,7054,0,0,0,0,0,0,1,1263,1933,text,para_1
6MDH09,n,0,9,88,False,498,158,0,0,0,4926549,7066,0,0,0,0,0,0,1,1263,1933,text,para_1
6MDH09,n,0,9,88,False,497,158,0,0,0,4926561,7078,0,0,0,0,0,0,1,1263,1933,text,para_1
6MDH09,n,0,9,88,False,498,158,0,0,0,4926573,7090,0,0,0,0,0,0,1,1263,1933,text,para_1
6MDH09,n,0,9,88,False,498,158,0,0,0,4926585,7102,0,0,0,0,0,0,1,1263,1933,text,para_1
6MDH09,n,0,9,88,False,498,159,0,0,0,4926597,7114,0,0,0,0,0,0,1,1263,1933,text,para_1
6MDH09,n,0,9,88,False,498,158,0,0,0,4926609,7127,0,0,0,0,0,0,1,1263,1933,text,para_1
6MDH09,n,0,9,88,False,497,159,0,0,0,4926621,7138,0,0,0,0,0,0,1,1263,1933,text,para_1
6MDH09,n,0,9,88,False,498,159,0,0,0,4926633,7150,0,0,0,0,0,0,1,1263,1933,text,para_1
6MDH09,n,0,9,88,False,497,159,0,0,0,4926645,7162,0,0,0,0,0,0,1,1263,1933,text,para_1
6MDH09,n,0,9,88,False,498,159,0,0,0,4926657,7174,0,0,0,0,0,0,1,1263,1933,text,para_1
6MDH09,n,0,9,88,False,498,160,0,0,0,4926669,7186,0,0,0,0,0,0,1,1263,1933,text,para_1
6MDH09,n,0,9,88,False,498,160,0,0,0,4926681,7198,0,0,0,0,0,0,1,1263,1933,text,para_1
6MDH09,n,0,9,88,False,497,161,0,0,0,4926693,7210,0,0,0,0,0,0,1,1263,1933,text,para_1
6MDH09,n,0,9,88,False,497,162,0,0,0,4926705,7222,0,0,0,0,0,0,1,1263,1933,text,para_1
6MDH09,n,0,9,88,False,497,162,0,0,0,4926717,7234,0,0,0,0,0,0,1,1263,1933,text,para_1
6MDH09,n,0,9,88,False,497,162,0,0,0,4926729,7246,0,0,0,0,0,0,1,1263,1933,text,para_1
6MDH09,n,0,9,88,False,498,162,0,0,0,4926741,7258,0,0,0,0,0,0,1,1263,1933,text,para_1
6MDH09,n,0,9,88,False,497,162,0,0,0,4926753,7270,0,0,0,0,0,0,1,1263,1933,text,para_1
6MDH09,n,0,9,88,False,497,162,0,0,0,4926765,7282,0,0,0,0,0,0,1,1263,1933,text,para_1
6MDH09,n,0,9,88,False,498,162,0,0,0,4926777,7294,0,0,0,0,0,0,1,1263,1933,text,para_1
6MDH09,n,0,9,88,False,497,162,0,0,0,4926789,7306,0,0,0,0,0,0,1,1263,1933,text,para_1
6MDH09,n,0,9,88,False,498,162,0,0,0,4926801,7318,0,0,0,0,0,0,1,1263,1933,text,para_1
6MDH09,n,0,9,88,False,497,162,0,0,0,4926813,7330,0,0,0,0,0,0,1,1263,1933,text,para_1
6MDH09,n,0,9,88,False,497,162,0,0,0,4926825,7342,0,0,0,0,0,0,1,1263,1933,text,para_1
6MDH09,n,0,9,88,False,497,162,0,0,0,4926837,7354,0,0,0,0,0,0,1,1263,1933,text,para_1
6MDH09,n,0,9,88,False,497,161,0,0,0,4926849,7366,0,0,0,0,0,0,1,1263,1933,text,para_1
6MDH09,n,0,9,88,False,497,162,0,0,0,4926861,7378,0,0,0,0,0,0,1,1263,1933,text,para_1
6MDH09,n,0,9,88,False,497,162,0,0,0,4926873,7390,0,0,0,0,0,0,1,1263,1933,text,para_1
6MDH09,n,0,9,88,False,497,162,0,0,0,4926885,7402,0,0,0,0,0,0,1,1263,1933,text,para_1
6MDH09,n,0,9,88,False,497,161,0,0,0,4926897,7414,0,0,0,0,0,0,1,1263,1933,text,para_1
6MDH09,n,0,9,88,False,497,161,0,0,0,4926909,7426,0,0,0,0,0,0,1,1263,1933,text,para_1
6MDH09,n,0,9,88,False,497,161,0,0,0,4926921,7438,0,0,0,0,0,0,1,1263,1933,text,para_1
6MDH09,n,0,9,88,False,507,157,0,0,0,4926933,7450,0,0,0,0,0,0,1,1263,1933,text,para_1
6MDH09,n,0,9,88,False,560,162,0,0,0,4926945,7462,0,0,0,0,0,0,1,1263,1933,text,para_1
6MDH09,n,0,9,88,False,585,164,0,0,0,4926957,7474,0,0,0,0,0,0,1,1263,1933,text,para_1
6MDH09,n,0,9,88,False,585,167,0,0,0,4926969,7486,0,0,0,0,0,0,1,1263,1933,text,para_1
6MDH09,n,0,9,88,False,586,167,0,0,0,4926981,7498,0,0,0,0,0,0,1,1263,1933,text,para_1
6MDH09,n,0,9,88,False,587,167,0,0,0,4926993,7510,0,0,0,0,0,0,1,1263,1933,text,para_1
6MDH09,n,0,9,88,False,587,167,0,0,0,4927005,7522,0,0,0,0,0,0,1,1263,1933,text,para_1
6MDH09,n,0,9,88,False,587,167,0,0,0,4927017,7534,0,0,0,0,0,0,1,1263,1933,text,para_1
6MDH09,n,0,9,88,False,587,167,0,0,0,4927029,7546,0,0,0,0,0,0,1,1263,1933,text,para_1
6MDH09,n,0,9,88,False,587,167,0,0,0,4927041,7558,0,0,0,0,0,0,1,1263,1933,text,para_1
6MDH09,n,0,9,88,False,587,168,0,0,0,4927053,7570,0,0,0,0,0,0,1,1263,1933,text,para_1
6MDH09,n,0,9,88,False,587,167,0,0,0,4927065,7582,0,0,0,0,0,0,1,1263,1933,text,para_1
6MDH09,n,0,9,88,False,587,167,0,0,0,4927077,7594,0,0,0,0,0,0,1,1263,1933,text,para_1
6MDH09,n,0,9,88,False,587,167,0,0,0,4927089,7607,0,0,0,0,0,0,1,1263,1933,text,para_1
6MDH09,n,0,9,88,False,587,167,0,0,0,4927101,7619,0,0,0,0,0,0,1,1263,1933,text,para_1
6MDH09,n,0,9,88,False,588,168,0,0,0,4927113,7630,0,0,0,0,0,0,1,1263,1933,text,para_1
6MDH09,n,0,9,88,False,587,168,0,0,0,4927125,7642,0,0,0,0,0,0,1,1263,1933,text,para_1
6MDH09,n,0,9,88,False,587,167,0,0,0,4927137,7654,0,0,0,0,0,0,1,1263,1933,text,para_1
6MDH09,n,0,9,88,False,587,167,0,0,0,4927149,7666,0,0,0,0,0,0,1,1263,1933,text,para_1
6MDH09,n,0,9,88,False,588,167,0,0,0,4927161,7678,0,0,0,0,0,0,1,1263,1933,text,para_1
6MDH09,n,0,9,88,False,588,168,0,0,0,4927173,7690,0,0,0,0,0,0,1,1263,1933,text,para_1
6MDH09,n,0,9,88,False,588,168,0,0,0,4927185,7702,0,0,0,0,0,0,1,1263,1933,text,para_1
6MDH09,n,0,9,88,False,588,168,0,0,0,4927197,7715,0,0,0,0,0,0,1,1263,1933,text,para_1
6MDH09,n,0,9,88,False,588,168,0,0,0,4927209,7726,0,0,0,0,0,0,1,1263,1933,text,para_1
6MDH09,n,0,9,88,False,588,168,0,0,0,4927221,7738,0,0,0,0,0,0,1,1263,1933,text,para_1
6MDH09,n,0,9,88,False,588,175,0,0,0,4927233,7750,0,0,0,0,0,0,1,1263,1933,text,para_1
6MDH09,n,0,9,88,False,614,243,0,0,0,4927245,7762,0,0,0,0,0,0,1,1263,1933,text,para_1
6MDH09,n,0,9,88,False,614,276,0,0,0,4927257,7774,0,0,0,0,0,0,1,1263,1933,text,para_1
6MDH09,n,0,9,88,False,617,277,0,0,0,4927269,7786,0,0,0,0,0,0,1,1263,1933,text,para_1
6MDH09,n,0,9,88,False,616,277,0,0,0,4927281,7798,0,0,0,0,0,0,1,1263,1933,text,para_1
6MDH09,n,0,9,88,False,617,281,0,0,0,4927293,7810,0,0,0,0,0,0,1,1263,1933,text,para_1
6MDH09,n,0,9,88,False,618,281,0,0,0,4927305,7822,0,0,0,0,0,0,1,1263,1933,text,para_1
6MDH09,n,0,9,88,False,618,280,0,0,0,4927317,7834,0,0,0,0,0,0,1,1263,1933,text,para_1
6MDH09,n,0,9,88,False,618,280,0,0,0,4927329,7846,0,0,0,0,0,0,1,1263,1933,text,para_1
6MDH09,n,0,9,88,False,619,281,0,0,0,4927341,7859,0,0,0,0,0,0,1,1263,1933,text,para_1
6MDH09,n,0,9,88,False,619,280,0,0,0,4927353,7870,0,0,0,0,0,0,1,1263,1933,text,para_1
6MDH09,n,0,9,88,False,619,281,0,0,0,4927365,7882,0,0,0,0,0,0,1,1263,1933,text,para_1
6MDH09,n,0,9,88,False,619,281,0,0,0,4927377,7894,0,0,0,0,0,0,1,1263,1933,text,para_1
6MDH09,n,0,9,88,False,619,280,0,0,0,4927389,7906,0,0,0,0,0,0,1,1263,1933,text,para_1
6MDH09,n,0,9,88,False,620,281,0,0,0,4927401,7918,0,0,0,0,0,0,1,1263,1933,text,para_1
6MDH09,n,0,9,88,False,619,281,0,0,0,4927413,7930,0,0,0,0,0,0,1,1263,1933,text,para_1
6MDH09,n,0,9,88,False,619,281,0,0,0,4927425,7942,0,0,0,0,0,0,1,1263,1933,text,para_1
6MDH09,n,0,9,88,False,619,281,0,0,0,4927437,7954,0,0,0,0,0,0,1,1263,1933,text,para_1
6MDH09,n,0,9,88,False,619,281,0,0,0,4927449,7966,0,0,0,0,0,0,1,1263,1933,text,para_1
6MDH09,n,0,9,88,False,619,281,0,0,0,4927461,7978,0,0,0,0,0,0,1,1263,1933,text,para_1
6MDH09,n,0,9,88,False,619,282,0,0,0,4927473,7990,0,0,0,0,0,0,1,1263,1933,text,para_1
6MDH09,n,0,9,88,False,619,281,0,0,0,4927485,8002,0,0,0,0,0,0,1,1263,1933,text,para_1
6MDH09,n,0,9,88,False,619,281,0,0,0,4927497,8015,0,0,0,0,0,0,1,1263,1933,text,para_1
6MDH09,n,0,9,88,False,619,282,0,0,0,4927509,8026,0,0,0,0,0,0,1,1263,1933,text,para_1
6MDH09,n,0,9,88,False,619,281,0,0,0,4927521,8038,0,0,0,0,0,0,1,1263,1933,text,para_1
6MDH09,n,0,9,88,False,673,277,0,0,0,4927533,8050,0,0,0,0,0,0,1,1263,1933,text,para_1
6MDH09,n,0,9,88,False,691,278,0,0,0,4927545,8062,0,0,0,0,0,0,1,1263,1933,text,para_1
6MDH09,n,0,9,88,False,695,277,0,0,0,4927557,8074,0,0,0,0,0,0,1,1263,1933,text,para_1
6MDH09,n,0,9,88,False,695,278,0,0,0,4927569,8086,0,0,0,0,0,0,1,1263,1933,text,para_1
6MDH09,n,0,9,88,False,696,278,0,0,0,4927581,8098,0,0,0,0,0,0,1,1263,1933,text,para_1
6MDH09,n,0,9,88,False,696,278,0,0,0,4927593,8110,0,0,0,0,0,0,1,1263,1933,text,para_1
6MDH09,n,0,9,88,False,696,279,0,0,0,4927605,8122,0,0,0,0,0,0,1,1263,1933,text,para_1
6MDH09,n,0,9,88,False,696,279,0,0,0,4927617,8134,0,0,0,0,0,0,1,1263,1933,text,para_1
6MDH09,n,0,9,88,False,696,279,0,0,0,4927629,8146,0,0,0,0,0,0,1,1263,1933,text,para_1
6MDH09,n,0,9,88,False,696,280,0,0,0,4927641,8158,0,0,0,0,0,0,1,1263,1933,text,para_1
6MDH09,n,0,9,88,False,696,279,0,0,0,4927653,8170,0,0,0,0,0,0,1,1263,1933,text,para_1
6MDH09,n,0,9,88,False,696,280,0,0,0,4927665,8182,0,0,0,0,0,0,1,1263,1933,text,para_1
6MDH09,n,0,9,88,False,696,279,0,0,0,4927677,8194,0,0,0,0,0,0,1,1263,1933,text,para_1
6MDH09,n,0,9,88,False,695,280,0,0,0,4927689,8206,0,0,0,0,0,0,1,1263,1933,text,para_1
6MDH09,n,0,9,88,False,695,280,0,0,0,4927701,8218,0,0,0,0,0,0,1,1263,1933,text,para_1
6MDH09,n,0,9,88,False,695,280,0,0,0,4927713,8230,0,0,0,0,0,0,1,1263,1933,text,para_1
6MDH09,n,0,9,88,False,695,280,0,0,0,4927725,8242,0,0,0,0,0,0,1,1263,1933,text,para_1
6MDH09,n,0,9,88,False,695,279,0,0,0,4927737,8254,0,0,0,0,0,0,1,1263,1933,text,para_1
6MDH09,n,0,9,88,False,694,280,0,0,0,4927749,8266,0,0,0,0,0,0,1,1263,1933,text,para_1
6MDH09,n,0,9,88,False,647,286,0,0,0,4927761,8278,0,0,0,0,0,0,1,1263,1933,text,para_1
6MDH09,n,0,9,88,False,573,272,0,0,0,4927773,8290,0,0,0,0,0,0,1,1263,1933,text,para_1
6MDH09,n,0,9,88,False,553,263,0,0,0,4927785,8302,0,0,0,0,0,0,1,1263,1933,text,para_1
6MDH09,n,0,9,88,False,562,263,0,0,0,4927797,8314,0,0,0,0,0,0,1,1263,1933,text,para_1
6MDH09,n,0,9,88,False,557,263,0,0,0,4927809,8326,0,0,0,0,0,0,1,1263,1933,text,para_1
6MDH09,n,0,9,88,False,557,261,0,0,0,4927821,8338,0,0,0,0,0,0,1,1263,1933,text,para_1
6MDH09,n,0,9,88,False,558,294,0,0,0,4927833,8350,0,0,0,0,0,0,1,1263,1933,text,para_1
6MDH09,n,0,9,88,False,558,294,0,0,0,4927845,8362,0,0,0,0,0,0,1,1263,1933,text,para_1
6MDH09,n,0,9,88,False,558,293,0,0,0,4927857,8374,0,0,0,0,0,0,1,1263,1933,text,para_1
6MDH09,n,0,9,88,False,558,293,0,0,0,4927869,8386,0,0,0,0,0,0,1,1263,1933,text,para_1
6MDH09,n,0,9,88,False,558,292,0,0,0,4927881,8398,0,0,0,0,0,0,1,1263,1933,text,para_1
6MDH09,n,0,9,88,False,558,292,0,0,0,4927893,8410,0,0,0,0,0,0,1,1263,1933,text,para_1
6MDH09,n,0,9,88,False,558,292,0,0,0,4927905,8422,0,0,0,0,0,0,1,1263,1933,text,para_1
6MDH09,n,0,9,88,False,557,291,0,0,0,4927917,8434,0,0,0,0,0,0,1,1263,1933,text,para_1
6MDH09,n,0,9,88,False,558,290,0,0,0,4927929,8446,0,0,0,0,0,0,1,1263,1933,text,para_1
6MDH09,n,0,9,88,False,558,323,0,0,0,4927941,8458,0,0,0,0,0,0,1,1263,1933,text,para_1
6MDH09,n,0,9,88,False,558,321,0,0,0,4927953,8470,0,0,0,0,0,0,1,1263,1933,text,para_1
6MDH09,n,0,9,88,False,558,320,0,0,0,4927965,8482,0,0,0,0,0,0,1,1263,1933,text,para_1
6MDH09,n,0,9,88,False,558,320,0,0,0,4927977,8494,0,0,0,0,0,0,1,1263,1933,text,para_1
6MDH09,n,0,9,88,False,558,320,0,0,0,4927989,8506,0,0,0,0,0,0,1,1263,1933,text,para_1
6MDH09,n,0,9,88,False,558,319,0,0,0,4928001,8518,0,0,0,0,0,0,1,1263,1933,text,para_1
6MDH09,n,0,9,88,False,558,319,0,0,0,4928013,8530,0,0,0,0,0,0,1,1263,1933,text,para_1
6MDH09,n,0,9,88,False,558,318,0,0,0,4928025,8542,0,0,0,0,0,0,1,1263,1933,text,para_1
6MDH09,n,0,9,88,False,558,318,0,0,0,4928037,8554,0,0,0,0,0,0,1,1263,1933,text,para_1
6MDH09,n,0,9,88,False,558,318,0,0,0,4928049,8566,0,0,0,0,0,0,1,1263,1933,text,para_1
6MDH09,n,0,9,88,False,557,318,0,0,0,4928061,8578,0,0,0,0,0,0,1,1263,1933,text,para_1
6MDH09,n,0,9,88,False,557,319,0,0,0,4928073,8590,0,0,0,0,0,0,1,1263,1933,text,para_1
6MDH09,n,0,9,88,False,590,362,0,0,0,4928085,8602,0,0,0,0,0,0,1,1263,1933,text,para_2
6MDH09,n,0,9,88,False,625,419,0,0,0,4928097,8614,0,0,0,0,0,0,1,1263,1933,text,para_2
6MDH09,n,0,9,88,False,618,463,0,0,0,4928109,8626,0,0,0,0,0,0,1,1263,1933,text,para_2
6MDH09,n,0,9,88,False,621,466,0,0,0,4928121,8638,0,0,0,0,0,0,1,1263,1933,text,para_2
6MDH09,n,0,9,88,False,623,466,0,0,0,4928133,8650,0,0,0,0,0,0,1,1263,1933,text,para_2
6MDH09,n,0,9,88,False,623,470,0,0,0,4928145,8662,0,0,0,0,0,0,1,1263,1933,text,para_2
6MDH09,n,0,9,88,False,624,470,0,0,0,4928157,8674,0,0,0,0,0,0,1,1263,1933,text,para_2
6MDH09,n,0,9,88,False,624,470,0,0,0,4928169,8686,0,0,0,0,0,0,1,1263,1933,text,para_2
6MDH09,n,0,9,88,False,624,471,0,0,0,4928181,8698,0,0,0,0,0,0,1,1263,1933,text,para_2
6MDH09,n,0,9,88,False,624,471,0,0,0,4928193,8710,0,0,0,0,0,0,1,1263,1933,text,para_2
6MDH09,n,0,9,88,False,624,471,0,0,0,4928205,8722,0,0,0,0,0,0,1,1263,1933,text,para_2
6MDH09,n,0,9,88,False,624,471,0,0,0,4928217,8734,0,0,0,0,0,0,1,1263,1933,text,para_2
6MDH09,n,0,9,88,False,624,472,0,0,0,4928229,8746,0,0,0,0,0,0,1,1263,1933,text,para_2
6MDH09,n,0,9,88,False,624,472,0,0,0,4928241,8758,0,0,0,0,0,0,1,1263,1933,text,para_2
6MDH09,n,0,9,88,False,624,471,0,0,0,4928253,8770,0,0,0,0,0,0,1,1263,1933,text,para_2
6MDH09,n,0,9,88,False,624,472,0,0,0,4928265,8782,0,0,0,0,0,0,1,1263,1933,text,para_2
6MDH09,n,0,9,88,False,624,472,0,0,0,4928277,8794,0,0,0,0,0,0,1,1263,1933,text,para_2
6MDH09,n,0,9,88,False,624,472,0,0,0,4928289,8806,0,0,0,0,0,0,1,1263,1933,text,para_2
6MDH09,n,0,9,88,False,623,472,0,0,0,4928301,8818,0,0,0,0,0,0,1,1263,1933,text,para_2
6MDH09,n,0,9,88,False,623,473,0,0,0,4928313,8830,0,0,0,0,0,0,1,1263,1933,text,para_2
6MDH09,n,0,9,88,False,623,473,0,0,0,4928325,8842,0,0,0,0,0,0,1,1263,1933,text,para_2
6MDH09,n,0,9,88,False,623,473,0,0,0,4928337,8854,0,0,0,0,0,0,1,1263,1933,text,para_2
6MDH09,n,0,9,88,False,623,473,0,0,0,4928349,8866,0,0,0,0,0,0,1,1263,1933,text,para_2
6MDH09,n,0,9,88,False,623,472,0,0,0,4928361,8878,0,0,0,0,0,0,1,1263,1933,text,para_2
6MDH09,n,0,9,88,False,632,483,0,0,0,4928373,8890,0,0,0,0,0,0,1,1263,1933,text,para_2
6MDH09,n,0,9,88,False,677,508,0,0,0,4928385,8902,0,0,0,0,0,0,1,1263,1933,text,para_2
6MDH09,n,0,9,88,False,684,523,0,0,0,4928397,8914,0,0,0,0,0,0,1,1263,1933,text,para_2
6MDH09,n,0,9,88,False,681,517,0,0,0,4928409,8926,0,0,0,0,0,0,1,1263,1933,text,para_2
6MDH09,n,0,9,88,False,684,520,0,0,0,4928421,8938,0,0,0,0,0,0,1,1263,1933,text,para_2
6MDH09,n,0,9,88,False,684,521,0,0,0,4928433,8950,0,0,0,0,0,0,1,1263,1933,text,para_2
6MDH09,n,0,9,88,False,684,521,0,0,0,4928445,8962,0,0,0,0,0,0,1,1263,1933,text,para_2
6MDH09,n,0,9,88,False,684,521,0,0,0,4928457,8974,0,0,0,0,0,0,1,1263,1933,text,para_2
6MDH09,n,0,9,88,False,684,520,0,0,0,4928469,8986,0,0,0,0,0,0,1,1263,1933,text,para_2
6MDH09,n,0,9,88,False,684,520,0,0,0,4928481,8998,0,0,0,0,0,0,1,1263,1933,text,para_2
6MDH09,n,0,9,88,False,684,553,0,0,0,4928493,9011,0,0,0,0,0,0,1,1263,1933,text,para_2
6MDH09,n,0,9,88,False,684,554,0,0,0,4928505,9022,0,0,0,0,0,0,1,1263,1933,text,para_2
6MDH09,n,0,9,88,False,684,553,0,0,0,4928517,9034,0,0,0,0,0,0,1,1263,1933,text,para_2
6MDH09,n,0,9,88,False,684,553,0,0,0,4928529,9046,0,0,0,0,0,0,1,1263,1933,text,para_2
6MDH09,n,0,9,88,False,683,551,0,0,0,4928541,9058,0,0,0,0,0,0,1,1263,1933,text,para_2
6MDH09,n,0,9,88,False,683,551,0,0,0,4928553,9070,0,0,0,0,0,0,1,1263,1933,text,para_2
6MDH09,n,0,9,88,False,683,551,0,0,0,4928565,9082,0,0,0,0,0,0,1,1263,1933,text,para_2
6MDH09,n,0,9,88,False,683,585,0,0,0,4928577,9094,0,0,0,0,0,0,1,1263,1933,text,para_2
6MDH09,n,0,9,88,False,683,584,0,0,0,4928589,9106,0,0,0,0,0,0,1,1263,1933,text,para_2
6MDH09,n,0,9,88,False,683,584,0,0,0,4928601,9118,0,0,0,0,0,0,1,1263,1933,text,para_2
6MDH09,n,0,9,88,False,682,583,0,0,0,4928613,9130,0,0,0,0,0,0,1,1263,1933,text,para_2
6MDH09,n,0,9,88,False,682,584,0,0,0,4928625,9142,0,0,0,0,0,0,1,1263,1933,text,para_2
6MDH09,n,0,9,88,False,682,583,0,0,0,4928637,9154,0,0,0,0,0,0,1,1263,1933,text,para_2
6MDH09,n,0,9,88,False,682,583,0,0,0,4928649,9166,0,0,0,0,0,0,1,1263,1933,text,para_2
6MDH09,n,0,9,88,False,682,582,0,0,0,4928661,9178,0,0,0,0,0,0,1,1263,1933,text,para_2
6MDH09,n,0,9,88,False,682,582,0,0,0,4928673,9190,0,0,0,0,0,0,1,1263,1933,text,para_2
6MDH09,n,0,9,88,False,682,582,0,0,0,4928685,9202,0,0,0,0,0,0,1,1263,1933,text,para_2
6MDH09,n,0,9,88,False,682,616,0,0,0,4928697,9214,0,0,0,0,0,0,1,1263,1933,text,para_2
6MDH09,n,0,9,88,False,682,615,0,0,0,4928709,9226,0,0,0,0,0,0,1,1263,1933,text,para_2
6MDH09,n,0,9,88,False,682,616,0,0,0,4928721,9238,0,0,0,0,0,0,1,1263,1933,text,para_2
6MDH09,n,0,9,88,False,682,615,0,0,0,4928733,9250,0,0,0,0,0,0,1,1263,1933,text,para_2
6MDH09,n,0,9,88,False,682,615,0,0,0,4928745,9262,0,0,0,0,0,0,1,1263,1933,text,para_2
6MDH09,n,0,9,88,False,682,616,0,0,0,4928757,9274,0,0,0,0,0,0,1,1263,1933,text,para_2
6MDH09,n,0,9,88,False,682,615,0,0,0,4928769,9287,0,0,0,0,0,0,1,1263,1933,text,para_2
6MDH09,n,0,9,88,False,682,616,0,0,0,4928781,9298,0,0,0,0,0,0,1,1263,1933,text,para_2
6MDH09,n,0,9,88,False,682,616,0,0,0,4928793,9310,0,0,0,0,0,0,1,1263,1933,text,para_2
6MDH09,n,0,9,88,False,682,616,0,0,0,4928805,9322,0,0,0,0,0,0,1,1263,1933,text,para_2
6MDH09,n,0,9,88,False,682,616,0,0,0,4928817,9334,0,0,0,0,0,0,1,1263,1933,text,para_2
6MDH09,n,0,9,88,False,682,616,0,0,0,4928829,9346,0,0,0,0,0,0,1,1263,1933,text,para_2
6MDH09,n,0,9,88,False,682,616,0,0,0,4928841,9358,0,0,0,0,0,0,1,1263,1933,text,para_2
6MDH09,n,0,9,88,False,682,616,0,0,0,4928853,9370,0,0,0,0,0,0,1,1263,1933,text,para_2
6MDH09,n,0,9,88,False,682,616,0,0,0,4928865,9382,0,0,0,0,0,0,1,1263,1933,text,para_2
6MDH09,n,0,9,88,False,673,628,0,0,0,4928877,9394,0,0,0,0,0,0,1,1263,1933,text,para_2
6MDH09,n,0,9,88,False,606,712,0,0,0,4928889,9406,0,0,0,0,0,0,1,1263,1933,text,para_2
6MDH09,n,0,9,88,False,557,773,0,0,0,4928901,9418,0,0,0,0,0,0,1,1263,1933,text,para_3
6MDH09,n,0,9,88,False,553,807,0,0,0,4928913,9430,0,0,0,0,0,0,1,1263,1933,text,para_3
6MDH09,n,0,9,88,False,550,798,0,0,0,4928925,9442,0,0,0,0,0,0,1,1263,1933,text,para_3
6MDH09,n,0,9,88,False,548,805,0,0,0,4928937,9454,0,0,0,0,0,0,1,1263,1933,text,para_3
6MDH09,n,0,9,88,False,550,805,0,0,0,4928949,9466,0,0,0,0,0,0,1,1263,1933,text,para_3
6MDH09,n,0,9,88,False,551,805,0,0,0,4928961,9478,0,0,0,0,0,0,1,1263,1933,text,para_3
6MDH09,n,0,9,88,False,552,805,0,0,0,4928973,9490,0,0,0,0,0,0,1,1263,1933,text,para_3
6MDH09,n,0,9,88,False,552,806,0,0,0,4928985,9502,0,0,0,0,0,0,1,1263,1933,text,para_3
6MDH09,n,0,9,88,False,553,838,0,0,0,4928997,9514,0,0,0,0,0,0,1,1263,1933,text,para_3
6MDH09,n,0,9,88,False,553,838,0,0,0,4929009,9526,0,0,0,0,0,0,1,1263,1933,text,para_3
6MDH09,n,0,9,88,False,553,873,0,0,0,4929021,9538,0,0,0,0,0,0,1,1263,1933,text,para_3
6MDH09,n,0,9,88,False,553,906,0,0,0,4929033,9552,0,0,0,0,0,0,1,1263,1933,text,para_3
6MDH09,n,0,9,88,False,553,906,0,0,0,4929045,9562,0,0,0,0,0,0,1,1263,1933,text,para_3
6MDH09,n,0,9,88,False,553,939,0,0,0,4929057,9574,0,0,0,0,0,0,1,1263,1933,text,para_3
6MDH09,n,0,9,88,False,553,1004,0,0,0,4929069,9586,0,0,0,0,0,0,1,1263,1933,text,para_3
6MDH09,n,0,9,88,False,553,1004,0,0,0,4929081,9598,0,0,0,0,0,0,1,1263,1933,text,para_3
6MDH09,n,0,9,88,False,553,1071,0,0,0,4929093,9611,0,0,0,0,0,0,1,1263,1933,text,para_3
6MDH09,n,0,9,88,False,553,1104,0,0,0,4929105,9622,0,0,0,0,0,0,1,1263,1933,text,para_3
6MDH09,n,0,9,88,False,553,1103,0,0,0,4929117,9634,0,0,0,0,0,0,1,1263,1933,text,para_3
6MDH09,n,0,9,88,False,554,1103,0,0,0,4929129,9646,0,0,0,0,0,0,1,1263,1933,text,para_3
6MDH09,n,0,9,88,False,553,1102,0,0,0,4929141,9658,0,0,0,0,0,0,1,1263,1933,text,para_3
6MDH09,n,0,9,88,False,553,1102,0,0,0,4929153,9670,0,0,0,0,0,0,1,1263,1933,text,para_3
6MDH09,n,0,9,88,False,553,1101,0,0,0,4929165,9682,0,0,0,0,0,0,1,1263,1933,text,para_3
6MDH09,n,0,9,88,False,554,1100,0,0,0,4929177,9694,0,0,0,0,0,0,1,1263,1933,text,para_3
6MDH09,n,0,9,88,False,553,1100,0,0,0,4929189,9706,0,0,0,0,0,0,1,1263,1933,text,para_3
6MDH09,n,0,9,88,False,553,1101,0,0,0,4929201,9718,0,0,0,0,0,0,1,1263,1933,text,para_3
6MDH09,n,0,9,88,False,553,1100,0,0,0,4929213,9730,0,0,0,0,0,0,1,1263,1933,text,para_3
6MDH09,n,0,9,88,False,553,1099,0,0,0,4929225,9742,0,0,0,0,0,0,1,1263,1933,text,para_3
6MDH09,n,0,9,88,False,553,1100,0,0,0,4929237,9754,0,0,0,0,0,0,1,1263,1933,text,para_3
6MDH09,n,0,9,88,False,553,1100,0,0,0,4929249,9766,0,0,0,0,0,0,1,1263,1933,text,para_3
6MDH09,n,0,9,88,False,553,1099,0,0,0,4929261,9778,0,0,0,0,0,0,1,1263,1933,text,para_3
6MDH09,n,0,9,88,False,553,1099,0,0,0,4929273,9790,0,0,0,0,0,0,1,1263,1933,text,para_3
6MDH09,n,0,9,88,False,553,1100,0,0,0,4929285,9802,0,0,0,0,0,0,1,1263,1933,text,para_3
6MDH09,n,0,9,88,False,553,1100,0,0,0,4929297,9814,0,0,0,0,0,0,1,1263,1933,text,para_3
6MDH09,n,0,9,88,False,553,1100,0,0,0,4929309,9826,0,0,0,0,0,0,1,1263,1933,text,para_3
6MDH09,n,0,9,88,False,554,1100,0,0,0,4929321,9838,0,0,0,0,0,0,1,1263,1933,text,para_3
6MDH09,n,0,9,88,False,553,1100,0,0,0,4929333,9850,0,0,0,0,0,0,1,1263,1933,text,para_3
6MDH09,n,0,9,88,False,553,1101,0,0,0,4929345,9862,0,0,0,0,0,0,1,1263,1933,text,para_3
6MDH09,n,0,9,88,False,553,1101,0,0,0,4929357,9874,0,0,0,0,0,0,1,1263,1933,text,para_3
6MDH09,n,0,9,88,False,553,1101,0,0,0,4929369,9886,0,0,0,0,0,0,1,1263,1933,text,para_3
6MDH09,n,0,9,88,False,553,1102,0,0,0,4929381,9898,0,0,0,0,0,0,1,1263,1933,text,para_3
6MDH09,n,0,9,88,False,558,1101,0,0,0,4929393,9910,0,0,0,0,0,0,1,1263,1933,text,para_3
6MDH09,n,0,9,88,False,620,1104,0,0,0,4929405,9922,0,0,0,0,0,0,1,1263,1933,text,para_3
6MDH09,n,0,9,88,False,631,1103,0,0,0,4929417,9934,0,0,0,0,0,0,1,1263,1933,text,para_3
6MDH09,n,0,9,88,False,635,1105,0,0,0,4929429,9946,0,0,0,0,0,0,1,1263,1933,text,para_3
6MDH09,n,0,9,88,False,637,1105,0,0,0,4929441,9958,0,0,0,0,0,0,1,1263,1933,text,para_3
6MDH09,n,0,9,88,False,638,1104,0,0,0,4929453,9970,0,0,0,0,0,0,1,1263,1933,text,para_3
6MDH09,n,0,9,88,False,638,1105,0,0,0,4929465,9982,0,0,0,0,0,0,1,1263,1933,text,para_3
6MDH09,n,0,9,88,False,638,1105,0,0,0,4929477,9994,0,0,0,0,0,0,1,1263,1933,text,para_3
6MDH09,n,0,9,88,False,638,1106,0,0,0,4929489,10006,0,0,0,0,0,0,1,1263,1933,text,para_3
6MDH09,n,0,9,88,False,639,1105,0,0,0,4929501,10018,0,0,0,0,0,0,1,1263,1933,text,para_3
6MDH09,n,0,9,88,False,639,1104,0,0,0,4929513,10030,0,0,0,0,0,0,1,1263,1933,text,para_3
6MDH09,n,0,9,88,False,639,1105,0,0,0,4929525,10042,0,0,0,0,0,0,1,1263,1933,text,para_3
6MDH09,n,0,9,88,False,639,1104,0,0,0,4929537,10054,0,0,0,0,0,0,1,1263,1933,text,para_3
6MDH09,n,0,9,88,False,639,1104,0,0,0,4929549,10066,0,0,0,0,0,0,1,1263,1933,text,para_3
6MDH09,n,0,9,88,False,639,1104,0,0,0,4929561,10078,0,0,0,0,0,0,1,1263,1933,text,para_3
6MDH09,n,0,9,88,False,639,1104,0,0,0,4929573,10090,0,0,0,0,0,0,1,1263,1933,text,para_3
6MDH09,n,0,9,88,False,639,1104,0,0,0,4929585,10102,0,0,0,0,0,0,1,1263,1933,text,para_3
6MDH09,n,0,9,88,False,639,1104,0,0,0,4929597,10114,0,0,0,0,0,0,1,1263,1933,text,para_3
6MDH09,n,0,9,88,False,640,1104,0,0,0,4929609,10126,0,0,0,0,0,0,1,1263,1933,text,para_3
6MDH09,n,0,9,88,False,599,1082,0,0,0,4929621,10138,0,0,0,0,0,0,1,1263,1933,text,para_3
6MDH09,n,0,9,88,False,535,1030,0,0,0,4929633,10150,0,0,0,0,0,0,1,1263,1933,text,para_3
6MDH09,n,0,9,88,False,497,997,0,0,0,4929645,10162,0,0,0,0,0,0,1,1263,1933,text,para_3
6MDH09,n,0,9,88,False,469,976,0,0,0,4929657,10174,0,0,0,0,0,0,1,1263,1933,text,para_3
6MDH09,n,0,9,88,False,472,972,0,0,0,4929669,10186,0,0,0,0,0,0,1,1263,1933,text,para_3
6MDH09,n,0,9,88,False,470,973,0,0,0,4929681,10198,0,0,0,0,0,0,1,1263,1933,text,para_3
6MDH09,n,0,9,88,False,470,972,0,0,0,4929693,10210,0,0,0,0,0,0,1,1263,1933,text,para_3
6MDH09,n,0,9,88,False,470,971,0,0,0,4929705,10222,0,0,0,0,0,0,1,1263,1933,text,para_3
6MDH09,n,0,9,88,False,470,973,0,0,0,4929717,10234,0,0,0,0,0,0,1,1263,1933,text,para_3
6MDH09,n,0,9,88,False,469,973,0,0,0,4929729,10246,0,0,0,0,0,0,1,1263,1933,text,para_3
6MDH09,n,0,9,88,False,469,973,0,0,0,4929741,10258,0,0,0,0,0,0,1,1263,1933,text,para_3
6MDH09,n,0,9,88,False,469,972,0,0,0,4929753,10270,0,0,0,0,0,0,1,1263,1933,text,para_3
6MDH09,n,0,9,88,False,469,973,0,0,0,4929765,10282,0,0,0,0,0,0,1,1263,1933,text,para_3
6MDH09,n,0,9,88,False,469,972,0,0,0,4929777,10294,0,0,0,0,0,0,1,1263,1933,text,para_3
6MDH09,n,0,9,88,False,469,972,0,0,0,4929789,10306,0,0,0,0,0,0,1,1263,1933,text,para_3
6MDH09,n,0,9,88,False,469,972,0,0,0,4929801,10318,0,0,0,0,0,0,1,1263,1933,text,para_3
6MDH09,n,0,9,88,False,469,972,0,0,0,4929813,10330,0,0,0,0,0,0,1,1263,1933,text,para_3
6MDH09,n,0,9,88,False,469,972,0,0,0,4929825,10342,0,0,0,0,0,0,1,1263,1933,text,para_3
6MDH09,n,0,9,88,False,469,972,0,0,0,4929837,10354,0,0,0,0,0,0,1,1263,1933,text,para_3
6MDH09,n,0,9,88,False,469,972,0,0,0,4929849,10366,0,0,0,0,0,0,1,1263,1933,text,para_3
6MDH09,n,0,9,88,False,469,972,0,0,0,4929861,10378,0,0,0,0,0,0,1,1263,1933,text,para_3
6MDH09,n,0,9,88,False,469,971,0,0,0,4929873,10390,0,0,0,0,0,0,1,1263,1933,text,para_3
6MDH09,n,0,9,88,False,470,971,0,0,0,4929885,10402,0,0,0,0,0,0,1,1263,1933,text,para_3
6MDH09,n,0,9,88,False,470,971,0,0,0,4929897,10414,0,0,0,0,0,0,1,1263,1933,text,para_3
6MDH09,n,0,9,88,False,470,1004,0,0,0,4929909,10426,0,0,0,0,0,0,1,1263,1933,text,para_3
6MDH09,n,0,9,88,False,470,1039,0,0,0,4929921,10438,0,0,0,0,0,0,1,1263,1933,text,para_3
6MDH09,n,0,9,88,False,470,1071,0,0,0,4929933,10451,0,0,0,0,0,0,1,1263,1933,text,para_3
6MDH09,n,0,9,88,False,470,1070,0,0,0,4929945,10462,0,0,0,0,0,0,1,1263,1933,text,para_3
6MDH09,n,0,9,88,False,470,1103,0,0,0,4929957,10474,0,0,0,0,0,0,1,1263,1933,text,para_3
6MDH09,n,0,9,88,False,470,1169,0,0,0,4929969,10486,0,0,0,0,0,0,1,1263,1933,text,para_3
6MDH09,n,0,9,88,False,470,1170,0,0,0,4929981,10498,0,0,0,0,0,0,1,1263,1933,text,para_3
6MDH09,n,0,9,88,False,471,1202,0,0,0,4929993,10510,0,0,0,0,0,0,1,1263,1933,text,para_3
6MDH09,n,0,9,88,False,471,1202,0,0,0,4930005,10522,0,0,0,0,0,0,1,1263,1933,text,para_3
6MDH09,n,0,9,88,False,472,1201,0,0,0,4930017,10534,0,0,0,0,0,0,1,1263,1933,text,para_3
6MDH09,n,0,9,88,False,472,1201,0,0,0,4930029,10546,0,0,0,0,0,0,1,1263,1933,text,para_3
6MDH09,n,0,9,88,False,471,1200,0,0,0,4930041,10558,0,0,0,0,0,0,1,1263,1933,text,para_3
6MDH09,n,0,9,88,False,471,1199,0,0,0,4930053,10570,0,0,0,0,0,0,1,1263,1933,text,para_3
6MDH09,n,0,9,88,False,472,1199,0,0,0,4930065,10582,0,0,0,0,0,0,1,1263,1933,text,para_3
6MDH09,n,0,9,88,False,472,1199,0,0,0,4930077,10594,0,0,0,0,0,0,1,1263,1933,text,para_3
6MDH09,n,0,9,88,False,472,1198,0,0,0,4930089,10606,0,0,0,0,0,0,1,1263,1933,text,para_3
6MDH09,n,0,9,88,False,472,1198,0,0,0,4930101,10618,0,0,0,0,0,0,1,1263,1933,text,para_3
6MDH09,n,0,9,88,False,473,1198,0,0,0,4930113,10630,0,0,0,0,0,0,1,1263,1933,text,para_3
6MDH09,n,0,9,88,False,473,1198,0,0,0,4930125,10642,0,0,0,0,0,0,1,1263,1933,text,para_3
6MDH09,n,0,9,88,False,473,1198,0,0,0,4930137,10654,0,0,0,0,0,0,1,1263,1933,text,para_3
6MDH09,n,0,9,88,False,473,1198,0,0,0,4930149,10666,0,0,0,0,0,0,1,1263,1933,text,para_3
6MDH09,n,0,9,88,False,473,1198,0,0,0,4930161,10678,0,0,0,0,0,0,1,1263,1933,text,para_3
6MDH09,n,0,9,88,False,474,1197,0,0,0,4930173,10690,0,0,0,0,0,0,1,1263,1933,text,para_3
6MDH09,n,0,9,88,False,474,1198,0,0,0,4930185,10702,0,0,0,0,0,0,1,1263,1933,text,para_3
6MDH09,n,0,9,88,False,474,1198,0,0,0,4930197,10714,0,0,0,0,0,0,1,1263,1933,text,para_3
6MDH09,n,0,9,88,False,474,1199,0,0,0,4930209,10726,0,0,0,0,0,0,1,1263,1933,text,para_3
6MDH09,n,0,9,88,False,474,1199,0,0,0,4930221,10738,0,0,0,0,0,0,1,1263,1933,text,para_3
6MDH09,n,0,9,88,False,475,1199,0,0,0,4930233,10750,0,0,0,0,0,0,1,1263,1933,text,para_3
6MDH09,n,0,9,88,False,475,1199,0,0,0,4930245,10762,0,0,0,0,0,0,1,1263,1933,text,para_3
6MDH09,n,0,9,88,False,483,1204,0,0,0,4930257,10774,0,0,0,0,0,0,1,1263,1933,text,para_3
6MDH09,n,0,9,88,False,542,1220,0,0,0,4930269,10786,0,0,0,0,0,0,1,1263,1933,text,para_3
6MDH09,n,0,9,88,False,550,1232,0,0,0,4930281,10798,0,0,0,0,0,0,1,1263,1933,text,para_3
6MDH09,n,0,9,88,False,546,1228,0,0,0,4930293,10810,0,0,0,0,0,0,1,1263,1933,text,para_3
6MDH09,n,0,9,88,False,550,1264,0,0,0,4930305,10822,0,0,0,0,0,0,1,1263,1933,text,para_3
6MDH09,n,0,9,88,False,551,1298,0,0,0,4930317,10835,0,0,0,0,0,0,1,1263,1933,none,none
6MDH09,n,0,9,88,False,551,1298,0,0,0,4930329,10846,0,0,0,0,0,0,1,1263,1933,none,none
6MDH09,n,0,9,88,False,551,1364,0,0,0,4930341,10858,0,0,0,0,0,0,1,1263,1933,text,para_4
6MDH09,n,0,9,88,False,551,1441,0,0,0,4930353,10870,0,0,0,0,0,0,1,1263,1933,text,para_4
6MDH09,n,0,9,88,False,552,1441,0,0,0,4930365,10882,0,0,0,0,0,0,1,1263,1933,text,para_4
6MDH09,n,0,9,88,False,552,1441,0,0,0,4930377,10894,0,0,0,0,0,0,1,1263,1933,text,para_4
6MDH09,n,0,9,88,False,553,1441,0,0,0,4930389,10906,0,0,0,0,0,0,1,1263,1933,text,para_4
6MDH09,n,0,9,88,False,553,1441,0,0,0,4930401,10918,0,0,0,0,0,0,1,1263,1933,text,para_4
6MDH09,n,0,9,88,False,553,1441,0,0,0,4930413,10930,0,0,0,0,0,0,1,1263,1933,text,para_4
6MDH09,n,0,9,88,False,553,1440,0,0,0,4930425,10942,0,0,0,0,0,0,1,1263,1933,text,para_4
6MDH09,n,0,9,88,False,553,1440,0,0,0,4930437,10954,0,0,0,0,0,0,1,1263,1933,text,para_4
6MDH09,n,0,9,88,False,553,1438,0,0,0,4930449,10966,0,0,0,0,0,0,1,1263,1933,text,para_4
6MDH09,n,0,9,88,False,553,1439,0,0,0,4930461,10978,0,0,0,0,0,0,1,1263,1933,text,para_4
6MDH09,n,0,9,88,False,553,1437,0,0,0,4930473,10990,0,0,0,0,0,0,1,1263,1933,text,para_4
6MDH09,n,0,9,88,False,553,1437,0,0,0,4930485,11002,0,0,0,0,0,0,1,1263,1933,text,para_4
6MDH09,n,0,9,88,False,553,1438,0,0,0,4930497,11014,0,0,0,0,0,0,1,1263,1933,text,para_4
6MDH09,n,0,9,88,False,553,1437,0,0,0,4930509,11026,0,0,0,0,0,0,1,1263,1933,text,para_4
6MDH09,n,0,9,88,False,553,1437,0,0,0,4930521,11038,0,0,0,0,0,0,1,1263,1933,text,para_4
6MDH09,n,0,9,88,False,553,1437,0,0,0,4930533,11050,0,0,0,0,0,0,1,1263,1933,text,para_4
6MDH09,n,0,9,88,False,553,1436,0,0,0,4930545,11062,0,0,0,0,0,0,1,1263,1933,text,para_4
6MDH09,n,0,9,88,False,554,1437,0,0,0,4930557,11074,0,0,0,0,0,0,1,1263,1933,text,para_4
6MDH09,n,0,9,88,False,554,1437,0,0,0,4930569,11086,0,0,0,0,0,0,1,1263,1933,text,para_4
6MDH09,n,0,9,88,False,554,1436,0,0,0,4930581,11098,0,0,0,0,0,0,1,1263,1933,text,para_4
6MDH09,n,0,9,88,False,555,1436,0,0,0,4930593,11110,0,0,0,0,0,0,1,1263,1933,text,para_4
6MDH09,n,0,9,88,False,554,1437,0,0,0,4930605,11122,0,0,0,0,0,0,1,1263,1933,text,para_4
6MDH09,n,0,9,88,False,554,1436,0,0,0,4930617,11134,0,0,0,0,0,0,1,1263,1933,text,para_4
6MDH09,n,0,9,88,False,555,1436,0,0,0,4930629,11146,0,0,0,0,0,0,1,1263,1933,text,para_4
6MDH09,n,0,9,88,False,555,1437,0,0,0,4930641,11158,0,0,0,0,0,0,1,1263,1933,text,para_4
6MDH09,n,0,9,88,False,555,1437,0,0,0,4930653,11170,0,0,0,0,0,0,1,1263,1933,text,para_4
6MDH09,n,0,9,88,False,555,1437,0,0,0,4930665,11182,0,0,0,0,0,0,1,1263,1933,text,para_4
6MDH09,n,0,9,88,False,555,1438,0,0,0,4930677,11194,0,0,0,0,0,0,1,1263,1933,text,para_4
6MDH09,n,0,9,88,False,555,1438,0,0,0,4930689,11206,0,0,0,0,0,0,1,1263,1933,text,para_4
6MDH09,n,0,9,88,False,556,1437,0,0,0,4930701,11218,0,0,0,0,0,0,1,1263,1933,text,para_4
6MDH09,n,0,9,88,False,556,1437,0,0,0,4930713,11230,0,0,0,0,0,0,1,1263,1933,text,para_4
6MDH09,n,0,9,88,False,555,1436,0,0,0,4930725,11242,0,0,0,0,0,0,1,1263,1933,text,para_4
6MDH09,n,0,9,88,False,555,1436,0,0,0,4930737,11254,0,0,0,0,0,0,1,1263,1933,text,para_4
6MDH09,n,0,9,88,False,555,1436,0,0,0,4930749,11266,0,0,0,0,0,0,1,1263,1933,text,para_4
6MDH09,n,0,9,88,False,554,1436,0,0,0,4930761,11278,0,0,0,0,0,0,1,1263,1933,text,para_4
6MDH09,n,0,9,88,False,519,1458,0,0,0,4930773,11290,0,0,0,0,0,0,1,1263,1933,text,para_4
6MDH09,n,0,9,88,False,426,1510,0,0,0,4930785,11302,0,0,0,0,0,0,1,1263,1933,text,para_4
6MDH09,n,0,9,88,False,362,1580,0,0,0,4930797,11314,0,0,0,0,0,0,1,1263,1933,text,para_4
6MDH09,n,0,9,88,False,302,1675,0,0,0,4930809,11326,0,0,0,0,0,0,1,1263,1933,none,none
6MDH09,n,0,9,88,False,236,1776,0,0,0,4930821,11338,0,0,0,0,0,0,1,1263,1933,none,none
6MDH09,n,0,9,88,False,187,1842,0,0,0,4930833,11350,0,0,0,0,0,0,1,1263,1933,none,none
6MDH09,n,0,9,88,False,172,1884,0,0,0,4930845,11362,0,0,0,0,0,0,1,1263,1933,none,none
6MDH09,n,0,9,88,False,171,1876,0,0,0,4930857,11374,0,0,0,0,0,0,1,1263,1933,none,none
6MDH09,n,0,9,88,False,167,1881,0,0,0,4930869,11386,0,0,0,0,0,0,1,1263,1933,none,none
6MDH09,n,0,9,88,False,169,1883,0,0,0,4930881,11398,0,0,0,0,0,0,1,1263,1933,none,none
6MDH09,n,0,9,88,False,169,1881,0,0,0,4930893,11410,0,0,0,0,0,0,1,1263,1933,none,none
6MDH09,n,0,9,88,False,168,1882,0,0,0,4930905,11422,0,0,0,0,0,0,1,1263,1933,none,none
6MDH09,n,0,9,88,False,167,1882,0,0,0,4930917,11434,0,0,0,0,0,0,1,1263,1933,none,none
6MDH09,n,0,9,88,False,167,1882,0,0,0,4930929,11446,0,0,0,0,0,0,1,1263,1933,none,none
6MDH09,n,0,9,88,False,167,1883,0,0,0,4930941,11458,0,0,0,0,0,0,1,1263,1933,none,none
6MDH09,n,0,9,88,False,166,1883,0,0,0,4930953,11470,0,0,0,0,0,0,1,1263,1933,none,none
6MDH09,n,0,9,88,False,166,1883,0,0,0,4930965,11482,0,0,0,0,0,0,1,1263,1933,none,none
6MDH09,n,0,9,88,False,166,1882,0,0,0,4930977,11494,0,0,0,0,0,0,1,1263,1933,none,none
6MDH09,n,0,9,88,False,166,1883,0,0,0,4930989,11506,0,0,0,0,0,0,1,1263,1933,none,none
6MDH09,n,0,9,88,False,166,1882,0,0,0,4931001,11518,0,0,0,0,0,0,1,1263,1933,none,none
6MDH09,n,0,9,88,False,165,1882,0,0,0,4931013,11530,0,0,0,0,0,0,1,1263,1933,none,none
6MDH09,n,0,9,88,False,166,1882,0,0,0,4931025,11542,0,0,0,0,0,0,1,1263,1933,none,none
6MDH09,n,0,9,88,False,166,1882,0,0,0,4931037,11554,0,0,0,0,0,0,1,1263,1933,none,none
6MDH09,n,0,9,88,False,167,1882,0,0,0,4931049,11566,0,0,0,0,0,0,1,1263,1933,none,none
6MDH09,n,0,9,88,False,167,1882,0,0,0,4931061,11578,0,0,0,0,0,0,1,1263,1933,none,none
6MDH09,n,0,9,88,False,166,1882,0,0,0,4931073,11590,0,0,0,0,0,0,1,1263,1933,none,none
6MDH09,n,0,9,88,False,166,1882,0,0,0,4931085,11602,0,0,0,0,0,0,1,1263,1933,none,none
6MDH09,n,0,9,88,False,166,1882,0,0,0,4931097,11614,0,0,0,0,0,0,1,1263,1933,none,none
6MDH09,n,0,9,88,False,166,1883,0,0,0,4931109,11626,0,0,0,0,0,0,1,1263,1933,none,none
6MDH09,n,0,9,88,False,166,1882,0,0,0,4931121,11638,0,0,0,0,0,0,1,1263,1933,none,none
6MDH09,n,0,9,88,False,165,1883,0,0,0,4931133,11650,0,0,0,0,0,0,1,1263,1933,none,none
6MDH09,n,0,9,88,False,166,1882,0,0,0,4931145,11662,0,0,0,0,0,0,1,1263,1933,none,none
6MDH09,n,0,9,88,False,166,1882,0,0,0,4931157,11674,0,0,0,0,0,0,1,1263,1933,none,none
6MDH09,n,0,9,88,False,166,1882,0,0,0,4931169,11686,0,0,0,0,0,0,1,1263,1933,none,none
6MDH09,n,0,9,88,False,166,1882,0,0,0,4931181,11698,0,0,0,0,0,0,1,1263,1933,none,none
6MDH09,n,0,9,88,False,165,1882,0,0,0,4931193,11710,0,0,0,0,0,0,1,1263,1933,none,none
6MDH09,n,0,9,88,False,166,1882,0,0,0,4931205,11722,0,0,0,0,0,0,1,1263,1933,none,none
6MDH09,n,0,9,88,False,165,1882,0,0,0,4931217,11734,0,0,0,0,0,0,1,1263,1933,none,none
6MDH09,n,0,9,88,False,165,1882,0,0,0,4931229,11746,0,0,0,0,0,0,1,1263,1933,none,none
6MDH09,n,0,9,88,False,182,1874,0,0,0,4931241,11758,0,0,0,0,0,0,1,1263,1933,none,none
6MDH09,n,0,9,88,False,258,1835,0,0,0,4931253,11770,0,0,0,0,0,0,1,1263,1933,none,none
6MDH09,n,0,9,88,False,331,1799,0,0,0,4931265,11782,0,0,0,0,0,0,1,1263,1933,none,none
6MDH09,n,0,9,88,False,377,1780,0,0,0,4931277,11794,0,0,0,0,0,0,1,1263,1933,text,para_4
6MDH09,n,0,9,88,False,412,1773,0,0,0,4931289,11806,0,0,0,0,0,0,1,1263,1933,text,para_4
6MDH09,n,0,9,88,False,409,1776,0,0,0,4931301,11818,0,0,0,0,0,0,1,1263,1933,text,para_4
6MDH09,n,0,9,88,False,414,1773,0,0,0,4931313,11830,0,0,0,0,0,0,1,1263,1933,text,para_4
6MDH09,n,0,9,88,False,415,1773,0,0,0,4931325,11842,0,0,0,0,0,0,1,1263,1933,text,para_4
6MDH09,n,0,9,88,False,415,1774,0,0,0,4931337,11854,0,0,0,0,0,0,1,1263,1933,text,para_4
6MDH09,n,0,9,88,False,415,1774,0,0,0,4931349,11866,0,0,0,0,0,0,1,1263,1933,text,para_4
6MDH09,n,0,9,88,False,415,1774,0,0,0,4931361,11878,0,0,0,0,0,0,1,1263,1933,text,para_4
6MDH09,n,0,9,88,False,416,1775,0,0,0,4931373,11890,0,0,0,0,0,0,1,1263,1933,text,para_4
6MDH09,n,0,9,88,False,417,1775,0,0,0,4931385,11902,0,0,0,0,0,0,1,1263,1933,text,para_4
6MDH09,n,0,9,88,False,416,1774,0,0,0,4931397,11914,0,0,0,0,0,0,1,1263,1933,text,para_4
6MDH09,n,0,9,88,False,416,1774,0,0,0,4931409,11926,0,0,0,0,0,0,1,1263,1933,text,para_4
6MDH09,n,0,9,88,False,416,1773,0,0,0,4931421,11938,0,0,0,0,0,0,1,1263,1933,text,para_4
6MDH09,n,0,9,88,False,416,1773,0,0,0,4931433,11950,0,0,0,0,0,0,1,1263,1933,text,para_4
6MDH09,n,0,9,88,False,416,1773,0,0,0,4931445,11962,0,0,0,0,0,0,1,1263,1933,text,para_4
6MDH09,n,0,9,88,False,416,1774,0,0,0,4931457,11974,0,0,0,0,0,0,1,1263,1933,text,para_4
6MDH09,n,0,9,88,False,416,1773,0,0,0,4931469,11986,0,0,0,0,0,0,1,1263,1933,text,para_4
6MDH09,n,0,9,88,False,416,1772,0,0,0,4931481,11998,0,0,0,0,0,0,1,1263,1933,text,para_4
6MDH09,n,0,9,88,False,416,1772,0,0,0,4931493,12010,0,0,0,0,0,0,1,1263,1933,text,para_4
6MDH09,n,0,9,88,False,416,1772,0,0,0,4931505,12022,0,0,0,0,0,0,1,1263,1933,text,para_4
6MDH09,n,0,9,88,False,416,1773,0,0,0,4931517,12034,0,0,0,0,0,0,1,1263,1933,text,para_4
6MDH09,n,0,9,88,False,416,1772,0,0,0,4931529,12046,0,0,0,0,0,0,1,1263,1933,text,para_4
6MDH09,n,0,9,88,False,415,1772,0,0,0,4931541,12058,0,0,0,0,0,0,1,1263,1933,text,para_4
6MDH09,n,0,9,88,False,415,1773,0,0,0,4931553,12070,0,0,0,0,0,0,1,1263,1933,text,para_4
6MDH09,n,0,9,88,False,415,1772,0,0,0,4931565,12082,0,0,0,0,0,0,1,1263,1933,text,para_4
6MDH09,n,0,9,88,False,415,1771,0,0,0,4931577,12094,0,0,0,0,0,0,1,1263,1933,text,para_4
6MDH09,n,0,9,88,False,415,1770,0,0,0,4931589,12106,0,0,0,0,0,0,1,1263,1933,text,para_4
6MDH09,n,0,9,88,False,415,1771,0,0,0,4931601,12118,0,0,0,0,0,0,1,1263,1933,text,para_4
6MDH09,n,0,9,88,False,416,1772,0,0,0,4931613,12130,0,0,0,0,0,0,1,1263,1933,text,para_4
6MDH09,n,0,9,88,False,335,1821,0,0,0,4931625,12142,0,0,0,0,0,0,1,1263,1933,none,none
6MDH09,n,0,9,88,False,244,1878,0,0,0,4931637,12154,0,0,0,0,0,0,1,1263,1933,none,none
6MDH09,n,0,9,88,False,201,1893,0,0,0,4931649,12166,0,0,0,0,0,0,1,1263,1933,none,none
6MDH09,n,0,9,88,False,201,1901,0,0,0,4931661,12178,0,0,0,0,0,0,1,1263,1933,none,none
6MDH09,n,0,9,88,False,198,1900,0,0,0,4931673,12190,0,0,0,0,0,0,1,1263,1933,none,none
6MDH09,n,0,9,88,False,197,1901,0,0,0,4931685,12202,0,0,0,0,0,0,1,1263,1933,none,none
6MDH09,n,0,9,88,False,198,1900,0,0,0,4931697,12214,0,0,0,0,0,0,1,1263,1933,none,none
6MDH09,n,0,9,88,False,199,1900,0,0,0,4931709,12226,0,0,0,0,0,0,1,1263,1933,none,none
6MDH09,n,0,9,88,False,199,1900,0,0,0,4931721,12238,0,0,0,0,0,0,1,1263,1933,none,none
6MDH09,n,0,9,88,False,199,1900,0,0,0,4931733,12250,0,0,0,0,0,0,1,1263,1933,none,none
6MDH09,n,0,9,88,False,198,1900,0,0,0,4931745,12262,0,0,0,0,0,0,1,1263,1933,none,none
6MDH09,n,0,9,88,False,199,1900,0,0,0,4931757,12274,0,0,0,0,0,0,1,1263,1933,none,none
6MDH09,n,0,9,88,False,198,1900,0,0,0,4931769,12286,0,0,0,0,0,0,1,1263,1933,none,none
6MDH09,n,0,9,88,False,199,1900,0,0,0,4931781,12298,0,0,0,0,0,0,1,1263,1933,none,none
6MDH09,n,0,9,88,False,198,1900,0,0,0,4931793,12310,0,0,0,0,0,0,1,1263,1933,none,none
6MDH09,n,0,9,88,False,198,1899,0,0,0,4931805,12322,0,0,0,0,0,0,1,1263,1933,none,none
6MDH09,n,0,9,88,False,198,1899,0,0,0,4931817,12334,0,0,0,0,0,0,1,1263,1933,none,none
6MDH09,n,0,9,88,False,198,1898,0,0,0,4931829,12346,0,0,0,0,0,0,1,1263,1933,none,none
6MDH09,n,0,9,88,False,198,1898,0,0,0,4931841,12358,0,0,0,0,0,0,1,1263,1933,none,none
6MDH09,n,0,9,88,False,198,1897,0,0,0,4931853,12370,0,0,0,0,0,0,1,1263,1933,none,none
6MDH09,n,0,9,88,False,199,1897,0,0,0,4931865,12382,0,0,0,0,0,0,1,1263,1933,none,none
6MDH09,n,0,9,88,False,199,1897,0,0,0,4931877,12394,0,0,0,0,0,0,1,1263,1933,none,none
6MDH09,n,0,9,88,False,217,1839,0,0,0,4931889,12406,0,0,0,0,0,0,1,1263,1933,none,none
6MDH09,n,0,9,88,False,245,1717,0,0,0,4931901,12418,0,0,0,0,0,0,1,1263,1933,none,none
6MDH09,n,0,9,88,False,284,1600,0,0,0,4931913,12430,0,0,0,0,0,0,1,1263,1933,none,none
6MDH09,n,0,9,88,False,319,1483,0,0,0,4931925,12442,0,0,0,0,0,0,1,1263,1933,none,none
6MDH09,n,0,9,88,False,380,1407,0,0,0,4931937,12454,0,0,0,0,0,0,1,1263,1933,text,para_4
6MDH09,n,0,9,88,False,440,1355,0,0,0,4931949,12466,0,0,0,0,0,0,1,1263,1933,text,para_4
6MDH09,n,0,9,88,False,508,1332,0,0,0,4931961,12478,0,0,0,0,0,0,1,1263,1933,text,para_4
6MDH09,n,0,9,88,False,519,1326,0,0,0,4931973,12490,0,0,0,0,0,0,1,1263,1933,text,para_4
6MDH09,n,0,9,88,False,521,1332,0,0,0,4931985,12502,0,0,0,0,0,0,1,1263,1933,text,para_4
6MDH09,n,0,9,88,False,526,1331,0,0,0,4931997,12514,0,0,0,0,0,0,1,1263,1933,text,para_4
6MDH09,n,0,9,88,False,526,1332,0,0,0,4932009,12526,0,0,0,0,0,0,1,1263,1933,text,para_4
6MDH09,n,0,9,88,False,527,1334,0,0,0,4932021,12538,0,0,0,0,0,0,1,1263,1933,text,para_4
6MDH09,n,0,9,88,False,526,1334,0,0,0,4932033,12550,0,0,0,0,0,0,1,1263,1933,text,para_4
6MDH09,n,0,9,88,False,527,1335,0,0,0,4932045,12562,0,0,0,0,0,0,1,1263,1933,text,para_4
6MDH09,n,0,9,88,False,527,1336,0,0,0,4932057,12574,0,0,0,0,0,0,1,1263,1933,text,para_4
6MDH09,n,0,9,88,False,527,1335,0,0,0,4932069,12586,0,0,0,0,0,0,1,1263,1933,text,para_4
6MDH09,n,0,9,88,False,527,1335,0,0,0,4932081,12598,0,0,0,0,0,0,1,1263,1933,text,para_4
6MDH09,n,0,9,88,False,527,1334,0,0,0,4932093,12610,0,0,0,0,0,0,1,1263,1933,text,para_4
6MDH09,n,0,9,88,False,528,1334,0,0,0,4932105,12622,0,0,0,0,0,0,1,1263,1933,text,para_4
6MDH09,n,0,9,88,False,528,1334,0,0,0,4932117,12634,0,0,0,0,0,0,1,1263,1933,text,para_4
6MDH09,n,0,9,88,False,528,1334,0,0,0,4932129,12646,0,0,0,0,0,0,1,1263,1933,text,para_4
6MDH09,n,0,9,88,False,529,1334,0,0,0,4932141,12658,0,0,0,0,0,0,1,1263,1933,text,para_4
6MDH09,n,0,9,88,False,529,1333,0,0,0,4932153,12670,0,0,0,0,0,0,1,1263,1933,text,para_4
6MDH09,n,0,9,88,False,529,1333,0,0,0,4932165,12682,0,0,0,0,0,0,1,1263,1933,text,para_4
6MDH09,n,0,9,88,False,529,1333,0,0,0,4932177,12694,0,0,0,0,0,0,1,1263,1933,text,para_4
6MDH09,n,0,9,88,False,529,1334,0,0,0,4932189,12706,0,0,0,0,0,0,1,1263,1933,text,para_4
6MDH09,n,0,9,88,False,529,1334,0,0,0,4932201,12718,0,0,0,0,0,0,1,1263,1933,text,para_4
6MDH09,n,0,9,88,False,530,1333,0,0,0,4932213,12730,0,0,0,0,0,0,1,1263,1933,text,para_4
6MDH09,n,0,9,88,False,529,1334,0,0,0,4932225,12742,0,0,0,0,0,0,1,1263,1933,text,para_4
6MDH09,n,0,9,88,False,530,1333,0,0,0,4932237,12754,0,0,0,0,0,0,1,1263,1933,text,para_4
6MDH09,n,0,9,88,False,530,1335,0,0,0,4932249,12766,0,0,0,0,0,0,1,1263,1933,text,para_4
6MDH09,n,0,9,88,False,530,1334,0,0,0,4932261,12778,0,0,0,0,0,0,1,1263,1933,text,para_4
6MDH09,n,0,9,88,False,530,1334,0,0,0,4932273,12790,0,0,0,0,0,0,1,1263,1933,text,para_4
6MDH09,n,0,9,88,False,530,1334,0,0,0,4932285,12802,0,0,0,0,0,0,1,1263,1933,text,para_4
6MDH09,n,0,9,88,False,529,1333,0,0,0,4932297,12814,0,0,0,0,0,0,1,1263,1933,text,para_4
6MDH09,n,0,9,88,False,589,1356,0,0,0,4932309,12826,0,0,0,0,0,0,1,1263,1933,text,para_4
6MDH09,n,0,9,88,False,658,1379,0,0,0,4932321,12838,0,0,0,0,0,0,1,1263,1933,text,para_4
6MDH09,n,0,9,88,False,713,1388,0,0,0,4932333,12850,0,0,0,0,0,0,1,1263,1933,text,para_4
6MDH09,n,0,9,88,False,734,1401,0,0,0,4932345,12862,0,0,0,0,0,0,1,1263,1933,text,para_4
6MDH09,n,0,9,88,False,738,1399,0,0,0,4932357,12874,0,0,0,0,0,0,1,1263,1933,text,para_4
6MDH09,n,0,9,88,False,740,1400,0,0,0,4932369,12886,0,0,0,0,0,0,1,1263,1933,text,para_4
6MDH09,n,0,9,88,False,740,1400,0,0,0,4932381,12898,0,0,0,0,0,0,1,1263,1933,text,para_4
6MDH09,n,0,9,88,False,739,1400,0,0,0,4932393,12910,0,0,0,0,0,0,1,1263,1933,text,para_4
6MDH09,n,0,9,88,False,739,1400,0,0,0,4932405,12922,0,0,0,0,0,0,1,1263,1933,text,para_4
6MDH09,n,0,9,88,False,740,1401,0,0,0,4932417,12934,0,0,0,0,0,0,1,1263,1933,text,para_4
6MDH09,n,0,9,88,False,740,1402,0,0,0,4932429,12946,0,0,0,0,0,0,1,1263,1933,text,para_4
6MDH09,n,0,9,88,False,739,1402,0,0,0,4932441,12958,0,0,0,0,0,0,1,1263,1933,text,para_4
6MDH09,n,0,9,88,False,739,1402,0,0,0,4932453,12970,0,0,0,0,0,0,1,1263,1933,text,para_4
6MDH09,n,0,9,88,False,739,1401,0,0,0,4932465,12982,0,0,0,0,0,0,1,1263,1933,text,para_4
6MDH09,n,0,9,88,False,739,1401,0,0,0,4932477,12994,0,0,0,0,0,0,1,1263,1933,text,para_4
6MDH09,n,0,9,88,False,739,1400,0,0,0,4932489,13006,0,0,0,0,0,0,1,1263,1933,text,para_4
6MDH09,n,0,9,88,False,739,1401,0,0,0,4932501,13018,0,0,0,0,0,0,1,1263,1933,text,para_4
6MDH09,n,0,9,88,False,739,1400,0,0,0,4932513,13030,0,0,0,0,0,0,1,1263,1933,text,para_4
6MDH09,n,0,9,88,False,739,1400,0,0,0,4932525,13042,0,0,0,0,0,0,1,1263,1933,text,para_4
6MDH09,n,0,9,88,False,739,1401,0,0,0,4932537,13054,0,0,0,0,0,0,1,1263,1933,text,para_4
6MDH09,n,0,9,88,False,739,1400,0,0,0,4932549,13066,0,0,0,0,0,0,1,1263,1933,text,para_4
6MDH09,n,0,9,88,False,739,1401,0,0,0,4932561,13078,0,0,0,0,0,0,1,1263,1933,text,para_4
6MDH09,n,0,9,88,False,739,1401,0,0,0,4932573,13090,0,0,0,0,0,0,1,1263,1933,text,para_4
6MDH09,n,0,9,88,False,739,1401,0,0,0,4932585,13102,0,0,0,0,0,0,1,1263,1933,text,para_4
6MDH09,n,0,9,88,False,739,1401,0,0,0,4932597,13114,0,0,0,0,0,0,1,1263,1933,text,para_4
6MDH09,n,0,9,88,False,740,1401,0,0,0,4932609,13126,0,0,0,0,0,0,1,1263,1933,text,para_4
6MDH09,n,0,9,88,False,739,1401,0,0,0,4932621,13138,0,0,0,0,0,0,1,1263,1933,text,para_4
6MDH09,n,0,9,88,False,740,1402,0,0,0,4932633,13150,0,0,0,0,0,0,1,1263,1933,text,para_4
6MDH09,n,0,9,88,False,783,1413,0,0,0,4932645,13162,0,0,0,0,0,0,1,1263,1933,text,para_4
6MDH09,n,0,9,88,False,805,1430,0,0,0,4932657,13174,0,0,0,0,0,0,1,1263,1933,text,para_4
6MDH09,n,0,9,88,False,801,1430,0,0,0,4932669,13186,0,0,0,0,0,0,1,1263,1933,text,para_4
6MDH09,n,0,9,88,False,803,1430,0,0,0,4932681,13198,0,0,0,0,0,0,1,1263,1933,text,para_4
6MDH09,n,0,9,88,False,804,1432,0,0,0,4932693,13210,0,0,0,0,0,0,1,1263,1933,text,para_4
6MDH09,n,0,9,88,False,804,1432,0,0,0,4932705,13222,0,0,0,0,0,0,1,1263,1933,text,para_4
6MDH09,n,0,9,88,False,804,1431,0,0,0,4932717,13234,0,0,0,0,0,0,1,1263,1933,text,para_4
6MDH09,n,0,9,88,False,804,1431,0,0,0,4932729,13246,0,0,0,0,0,0,1,1263,1933,text,para_4
6MDH09,n,0,9,88,False,803,1430,0,0,0,4932741,13258,0,0,0,0,0,0,1,1263,1933,text,para_4
6MDH09,n,0,9,88,False,803,1442,0,0,0,4932753,13270,0,0,0,0,0,0,1,1263,1933,text,para_4
6MDH09,n,0,9,88,False,804,1514,0,0,0,4932765,13282,0,0,0,0,0,0,1,1263,1933,text,para_4
6MDH09,n,0,9,88,False,795,1551,0,0,0,4932777,13294,0,0,0,0,0,0,1,1263,1933,text,para_4
6MDH09,n,0,9,88,False,793,1564,0,0,0,4932789,13306,0,0,0,0,0,0,1,1263,1933,text,para_4
6MDH09,n,0,9,88,False,785,1587,0,0,0,4932801,13318,0,0,0,0,0,0,1,1263,1933,text,para_4
6MDH09,n,0,9,88,False,788,1581,0,0,0,4932813,13330,0,0,0,0,0,0,1,1263,1933,text,para_4
6MDH09,n,0,9,88,False,786,1585,0,0,0,4932825,13342,0,0,0,0,0,0,1,1263,1933,text,para_4
6MDH09,n,0,9,88,False,787,1584,0,0,0,4932837,13354,0,0,0,0,0,0,1,1263,1933,text,para_4
6MDH09,n,0,9,88,False,786,1586,0,0,0,4932849,13366,0,0,0,0,0,0,1,1263,1933,text,para_4
6MDH09,n,0,9,88,False,787,1586,0,0,0,4932861,13378,0,0,0,0,0,0,1,1263,1933,text,para_4
6MDH09,n,0,9,88,False,788,1585,0,0,0,4932873,13390,0,0,0,0,0,0,1,1263,1933,text,para_4
6MDH09,n,0,9,88,False,788,1586,0,0,0,4932885,13402,0,0,0,0,0,0,1,1263,1933,text,para_4
6MDH09,n,0,9,88,False,788,1585,0,0,0,4932897,13414,0,0,0,0,0,0,1,1263,1933,text,para_4
6MDH09,n,0,9,88,False,788,1586,0,0,0,4932909,13426,0,0,0,0,0,0,1,1263,1933,text,para_4
6MDH09,n,0,9,88,False,788,1586,0,0,0,4932921,13438,0,0,0,0,0,0,1,1263,1933,text,para_4
6MDH09,n,0,9,88,False,788,1587,0,0,0,4932933,13450,0,0,0,0,0,0,1,1263,1933,text,para_4
6MDH09,n,0,9,88,False,788,1586,0,0,0,4932945,13462,0,0,0,0,0,0,1,1263,1933,text,para_4
6MDH09,n,0,9,88,False,789,1586,0,0,0,4932957,13474,0,0,0,0,0,0,1,1263,1933,text,para_4
6MDH09,n,0,9,88,False,788,1587,0,0,0,4932969,13486,0,0,0,0,0,0,1,1263,1933,text,para_4
6MDH09,n,0,9,88,False,788,1588,0,0,0,4932981,13498,0,0,0,0,0,0,1,1263,1933,text,para_4
6MDH09,n,0,9,88,False,788,1587,0,0,0,4932993,13510,0,0,0,0,0,0,1,1263,1933,text,para_4
6MDH09,n,0,9,88,False,787,1587,0,0,0,4933005,13522,0,0,0,0,0,0,1,1263,1933,text,para_4
6MDH09,n,0,9,88,False,788,1586,0,0,0,4933017,13534,0,0,0,0,0,0,1,1263,1933,text,para_4
6MDH09,n,0,9,88,False,788,1586,0,0,0,4933029,13546,0,0,0,0,0,0,1,1263,1933,text,para_4
6MDH09,n,0,9,88,False,787,1587,0,0,0,4933041,13558,0,0,0,0,0,0,1,1263,1933,text,para_4
6MDH09,n,0,9,88,False,787,1586,0,0,0,4933053,13570,0,0,0,0,0,0,1,1263,1933,text,para_4
6MDH09,n,0,9,88,False,787,1586,0,0,0,4933065,13582,0,0,0,0,0,0,1,1263,1933,text,para_4
6MDH09,n,0,9,88,False,787,1583,0,0,0,4933077,13594,0,0,0,0,0,0,1,1263,1933,text,para_4
6MDH09,n,0,9,88,False,790,1573,0,0,0,4933089,13606,0,0,0,0,0,0,1,1263,1933,text,para_4
6MDH09,n,0,9,88,False,789,1575,0,0,0,4933101,13618,0,0,0,0,0,0,1,1263,1933,text,para_4

